;org_id;unnamed:_1;tyoyksikko;tyonkuva;unnamed:_4;tyosuhde;koulutus;tyovuoro;tyosuhteen_pituus;uskon_org_paamaariin;tiedan_oman_toim_org_paamaariin;org_johto_arvojen_muk;hoitajat_taitavia;hoitajat_npt_kayttoon;noudatan_np_toimohjeita;aktiivisesti_osallistan_pot;tyosuojelu_toimii;org_apua_tyouupumukseen;mahdoll_seurata_hoitotyon_tuloksia;osall_paivittaisjohtamisen_kokouksiin;lahiesimies_avoin_ehdotuksille;lahiesimies_hlokunnan_puolestapuhuja;lahiesimies_korostaa_hoidon_laatua;lahiesimies_hoitaa_velvoll;jyh_edustaa_ht_nakyvasti;org_huomioi_hoitajien_ehd;kiitosta_tyosta;suor_arv_suht_selk_tav;saannollinen_palaute;vaikutan_pothoidon_suu_ja_tot;sopivasti_itsenainen;osall_paatoksiin_tyo;org_arvostaa_hoitajien_tyopanosta;laakarit_arvostavat_hoitajia;osall_laak_kanssa_pothoidon_paat;org_ei_hyv_loukk_kaytosta;puheeksi_epakohdat_laakarit;puheeksi_epakohdat_hoitajat;oma_aloitteisti_apua;asiantuntijan_konsultointi;ristiriitojen_reilu_ratk;keskustelut_pothoidon_kehitt;tiedan_miten_suor_paremmin;mahdoll_keskusteluun_ammuralla_eten;amm_kasvu_merkittavaa;opiskelua_tuetaan;org_tarjoaa_urallakehitt_mahd;kaytettavissa_tarv_laitteet;sopivasti_potilaita;riittavasti_aikaa_pot;ei_pyydetty_tekemaan_haitall_pot;org_tukee_hoitajien_tyota_menetelmat;tietoa_org_suu_ja_tav;hyvat_suhteet_hoitajiin;tukea_avustavalta_hlokunnalta;vaikutan_tyovuorojen_suunn;pot_vuorovaikutus_mielekasta;ylpea_ammatistani;suosittelen_org;org_innostaa;tyoskentelen_3v_todnak;valmis_panostamaan;id;/medallion;_rid;_self;_etag;_attachments;_ts
0;117;Leikkaus-anestesia;PERIOPAAM;16;Sairaanhoitaja, audionomi, terveydenhoitaja;1.0;3.0;3.0;6;5.0;5.0;5.0;6;6.0;6.0;5.0;4.0;4.0;3.0;4.0;4;5;3;5;5.0;4.0;4;5.0;4.0;4.0;5.0;6.0;5.0;5.0;5.0;5.0;6.0;6.0;4;6.0;5;5.0;5.0;5.0;4.0;6.0;5.0;6.0;6.0;6.0;5.0;5.0;4.0;6.0;5.0;5.0;6.0;6.0;5;5;4;5;a03e5d8b-18f8-4ca7-bbe0-7bf1404bc892;bronze_nes;1kAqANsuEkozAAAAAAAAAA==;dbs/1kAqAA==/colls/1kAqANsuEko=/docs/1kAqANsuEkozAAAAAAAAAA==/;"""6f005421-0000-4700-0000-6730a7c30000""";attachments/;1731241923
1;117;Päivystyspkl;EALAPSAIK;16;Sairaanhoitaja, audionomi, terveydenhoitaja;1.0;3.0;2.0;4;4.0;4.0;3.0;4;3.0;5.0;5.0;3.0;2.0;1.0;1.0;5;3;3;4;3.0;1.0;4;5.0;2.0;5.0;5.0;3.0;1.0;4.0;5.0;4.0;3.0;3.0;2;5.0;3;5.0;3.0;5.0;2.0;2.0;2.0;5.0;5.0;5.0;5.0;2.0;2.0;5.0;5.0;5.0;3.0;5.0;5;2;6;4;96c682ee-feed-4ab5-a189-b6cd547e7fee;bronze_nes;1kAqANsuEko0AAAAAAAAAA==;dbs/1kAqAA==/colls/1kAqANsuEko=/docs/1kAqANsuEko0AAAAAAAAAA==/;"""6f005521-0000-4700-0000-6730a7c30000""";attachments/;1731241923
2;117;Ensihoito;ENSIHOITO;16;Sairaanhoitaja, audionomi, terveydenhoitaja;1.0;3.0;3.0;5;5.0;5.0;5.0;5;6.0;6.0;6.0;5.0;4.0;1.0;1.0;2;2;2;2;2.0;4.0;4;1.0;1.0;5.0;5.0;4.0;5.0;5.0;5.0;2.0;2.0;3.0;4;4.0;2;4.0;5.0;2.0;1.0;2.0;3.0;6.0;6.0;6.0;3.0;4.0;2.0;3.0;5.0;4.0;5.0;4.0;3;3;5;5;f05d352f-857b-4367-aa74-afba58d78e79;bronze_nes;1kAqANsuEko1AAAAAAAAAA==;dbs/1kAqAA==/colls/1kAqANsuEko=/docs/1kAqANsuEko1AAAAAAAAAA==/;"""6f005621-0000-4700-0000-6730a7c30000""";attachments/;1731241923
3;117;Päivystyspkl;EALAPSAIK;16;Sairaanhoitaja, audionomi, terveydenhoitaja;1.0;3.0;2.0;3;4.0;5.0;4.0;5;5.0;5.0;5.0;4.0;5.0;4.0;4.0;5;4;5;5;4.0;4.0;4;5.0;4.0;4.0;5.0;5.0;3.0;5.0;4.0;5.0;6.0;5.0;3;4.0;5;5.0;5.0;5.0;5.0;4.0;5.0;5.0;5.0;5.0;5.0;5.0;4.0;5.0;5.0;5.0;5.0;5.0;5;5;3;5;82885b13-b530-4269-9a17-0f32f44d285b;bronze_nes;1kAqANsuEko2AAAAAAAAAA==;dbs/1kAqAA==/colls/1kAqANsuEko=/docs/1kAqANsuEko2AAAAAAAAAA==/;"""6f005721-0000-4700-0000-6730a7c30000""";attachments/;1731241923
4;117;Osasto B;OSHOITAJA;25;Osastonhoitaja, tulosyksikköpäällikkö, palveluyksikköpäällikkö, palveluesihenkilö;1.0;2.0;1.0;6;4.0;5.0;4.0;6;5.0;5.0;5.0;5.0;5.0;4.0;3.0;5;5;6;5;5.0;5.0;6;6.0;6.0;5.0;5.0;5.0;5.0;5.0;4.0;5.0;5.0;5.0;5;5.0;5;5.0;5.0;5.0;4.0;6.0;5.0;6.0;5.0;5.0;5.0;4.0;5.0;6.0;5.0;5.0;6.0;6.0;5;5;5;5;0f740562-68e3-4514-9222-94ffed7d93a5;bronze_nes;1kAqANsuEko3AAAAAAAAAA==;dbs/1kAqAA==/colls/1kAqANsuEko=/docs/1kAqANsuEko3AAAAAAAAAA==/;"""6f005821-0000-4700-0000-6730a7c30000""";attachments/;1731241923
5;117;Osasto B;AIKKIRMUU;16;Sairaanhoitaja, audionomi, terveydenhoitaja;1.0;4.0;2.0;6;5.0;5.0;5.0;6;3.0;4.0;6.0;3.0;6.0;5.0;1.0;6;6;6;6;6.0;4.0;6;5.0;6.0;5.0;6.0;5.0;4.0;3.0;4.0;5.0;4.0;4.0;5;6.0;5;5.0;6.0;6.0;4.0;4.0;4.0;6.0;5.0;5.0;5.0;4.0;3.0;6.0;3.0;5.0;6.0;6.0;6;6;6;6;9f129b97-3718-4258-bb32-a8a72947a685;bronze_nes;1kAqANsuEko4AAAAAAAAAA==;dbs/1kAqAA==/colls/1kAqANsuEko=/docs/1kAqANsuEko4AAAAAAAAAA==/;"""6f005921-0000-4700-0000-6730a7c30000""";attachments/;1731241923
6;117;Osasto B;AIKKIRMUU;16;Sairaanhoitaja, audionomi, terveydenhoitaja;1.0;3.0;3.0;5;4.0;5.0;4.0;6;5.0;5.0;6.0;5.0;5.0;4.0;3.0;6;5;5;5;5.0;5.0;5;5.0;5.0;6.0;6.0;6.0;5.0;5.0;6.0;5.0;5.0;5.0;5;6.0;5;6.0;5.0;5.0;5.0;6.0;5.0;6.0;6.0;5.0;5.0;5.0;5.0;6.0;6.0;6.0;6.0;6.0;5;4;6;5;262c9741-34d5-4200-9c60-04e6009d101c;bronze_nes;1kAqANsuEko5AAAAAAAAAA==;dbs/1kAqAA==/colls/1kAqANsuEko=/docs/1kAqANsuEko5AAAAAAAAAA==/;"""6f005a21-0000-4700-0000-6730a7c30000""";attachments/;1731241923
7;117;Osasto B;AIKKIRMUU;16;Sairaanhoitaja, audionomi, terveydenhoitaja;1.0;3.0;3.0;3;4.0;4.0;5.0;5;4.0;4.0;3.0;;3.0;3.0;1.0;2;3;4;3;3.0;3.0;2;4.0;3.0;5.0;4.0;5.0;3.0;4.0;4.0;4.0;3.0;3.0;4;3.0;3;3.0;5.0;4.0;6.0;4.0;3.0;5.0;4.0;3.0;4.0;3.0;3.0;4.0;4.0;3.0;4.0;5.0;4;3;4;5;0e73c844-2e60-46fd-846d-2d8fe127bbd2;bronze_nes;1kAqANsuEko6AAAAAAAAAA==;dbs/1kAqAA==/colls/1kAqANsuEko=/docs/1kAqANsuEko6AAAAAAAAAA==/;"""6f005b21-0000-4700-0000-6730a7c30000""";attachments/;1731241923
8;117;Osasto B;AIKKIRMUU;16;Sairaanhoitaja, audionomi, terveydenhoitaja;1.0;3.0;3.0;3;5.0;5.0;5.0;6;5.0;6.0;6.0;5.0;4.0;5.0;5.0;4;4;4;4;4.0;4.0;3;4.0;3.0;5.0;5.0;5.0;4.0;3.0;5.0;5.0;4.0;6.0;5;4.0;5;5.0;5.0;5.0;5.0;4.0;3.0;5.0;5.0;4.0;5.0;5.0;4.0;5.0;5.0;5.0;5.0;6.0;5;2;3;4;092a833c-7674-4c83-a080-afc6dae66e0a;bronze_nes;1kAqANsuEko7AAAAAAAAAA==;dbs/1kAqAA==/colls/1kAqANsuEko=/docs/1kAqANsuEko7AAAAAAAAAA==/;"""6f005c21-0000-4700-0000-6730a7c30000""";attachments/;1731241923
9;117;Osasto B;AIKKIRMUU;10;Lähihoitaja, perushoitaja, lvm-sairaankuljettaja, lääkintävahtimestari, kipsimestari;2.0;5.0;2.0;3;5.0;5.0;5.0;6;5.0;5.0;5.0;4.0;2.0;5.0;2.0;4;4;5;5;;4.0;4;2.0;2.0;4.0;5.0;5.0;2.0;4.0;4.0;3.0;4.0;4.0;4;5.0;4;3.0;2.0;2.0;4.0;4.0;3.0;5.0;4.0;2.0;5.0;4.0;2.0;5.0;2.0;4.0;5.0;4.0;4;2;1;3;0f91a165-cdd6-40e5-8ddd-6327c0ddf52c;bronze_nes;1kAqANsuEko8AAAAAAAAAA==;dbs/1kAqAA==/colls/1kAqANsuEko=/docs/1kAqANsuEko8AAAAAAAAAA==/;"""6f005d21-0000-4700-0000-6730a7c30000""";attachments/;1731241923
10;117;Leikkaus-anestesia;PERIOPAAM;16;Sairaanhoitaja, audionomi, terveydenhoitaja;2.0;4.0;3.0;5;4.0;4.0;4.0;6;4.0;5.0;6.0;4.0;4.0;3.0;1.0;4;4;4;3;4.0;4.0;3;4.0;3.0;1.0;5.0;4.0;2.0;3.0;3.0;3.0;4.0;5.0;4;5.0;3;4.0;4.0;4.0;4.0;5.0;4.0;5.0;6.0;5.0;6.0;4.0;4.0;5.0;4.0;5.0;5.0;5.0;4;4;3;5;636c17de-608b-4419-a545-01788dcf10b1;bronze_nes;1kAqANsuEko9AAAAAAAAAA==;dbs/1kAqAA==/colls/1kAqANsuEko=/docs/1kAqANsuEko9AAAAAAAAAA==/;"""6f005e21-0000-4700-0000-6730a7c30000""";attachments/;1731241923
11;117;Leikkaus-anestesia;PERIOPAAM;16;Sairaanhoitaja, audionomi, terveydenhoitaja;1.0;3.0;3.0;4;;;;5;;;;1.0;1.0;;;1;1;1;4;;;4;4.0;4.0;4.0;5.0;;;2.0;4.0;1.0;1.0;2.0;4;5.0;1;;;5.0;4.0;3.0;;5.0;1.0;1.0;;;;4.0;;5.0;5.0;5.0;5;3;6;5;4afc101c-b689-44fa-ba39-975b8ffa902b;bronze_nes;1kAqANsuEko+AAAAAAAAAA==;dbs/1kAqAA==/colls/1kAqANsuEko=/docs/1kAqANsuEko+AAAAAAAAAA==/;"""6f005f21-0000-4700-0000-6730a7c30000""";attachments/;1731241923
12;117;Leikkaus-anestesia;PERIOPAAM;16;Sairaanhoitaja, audionomi, terveydenhoitaja;1.0;3.0;2.0;6;5.0;5.0;5.0;6;5.0;6.0;6.0;4.0;5.0;4.0;5.0;5;5;5;5;5.0;4.0;4;4.0;4.0;4.0;4.0;4.0;4.0;4.0;3.0;5.0;4.0;5.0;5;5.0;5;5.0;5.0;5.0;4.0;5.0;4.0;5.0;5.0;4.0;5.0;4.0;4.0;5.0;5.0;5.0;5.0;5.0;5;4;5;5;fca69fcc-2778-4727-a09d-dd55c11a5118;bronze_nes;1kAqANsuEko-AAAAAAAAAA==;dbs/1kAqAA==/colls/1kAqANsuEko=/docs/1kAqANsuEko-AAAAAAAAAA==/;"""6f006021-0000-4700-0000-6730a7c30000""";attachments/;1731241923
13;117;Osasto B;AIKKIRMUU;16;Sairaanhoitaja, audionomi, terveydenhoitaja;2.0;3.0;2.0;2;5.0;5.0;4.0;6;5.0;6.0;6.0;4.0;4.0;5.0;2.0;6;6;6;6;3.0;4.0;4;3.0;2.0;5.0;5.0;6.0;3.0;4.0;5.0;5.0;4.0;4.0;5;6.0;5;6.0;5.0;5.0;6.0;5.0;4.0;5.0;6.0;5.0;5.0;6.0;4.0;6.0;5.0;6.0;5.0;5.0;5;4;4;5;d32cfad2-0410-49e1-b21a-61269748a019;bronze_nes;1kAqANsuEkpAAAAAAAAAAA==;dbs/1kAqAA==/colls/1kAqANsuEko=/docs/1kAqANsuEkpAAAAAAAAAAA==/;"""6f006121-0000-4700-0000-6730a7c30000""";attachments/;1731241923
14;117;Leikkaus-anestesia;PERIOPAAM;16;Sairaanhoitaja, audionomi, terveydenhoitaja;1.0;4.0;3.0;6;4.0;4.0;4.0;5;5.0;5.0;5.0;5.0;5.0;3.0;1.0;5;4;5;5;5.0;4.0;5;5.0;4.0;5.0;5.0;4.0;3.0;5.0;5.0;4.0;4.0;4.0;5;5.0;4;5.0;4.0;5.0;3.0;5.0;5.0;5.0;5.0;5.0;5.0;4.0;2.0;5.0;5.0;5.0;5.0;5.0;4;4;5;5;fb89eed6-0f5e-4609-a439-66d359249803;bronze_nes;1kAqANsuEkpBAAAAAAAAAA==;dbs/1kAqAA==/colls/1kAqANsuEko=/docs/1kAqANsuEkpBAAAAAAAAAA==/;"""6f006221-0000-4700-0000-6730a7c30000""";attachments/;1731241923
15;117;Leikkaus-anestesia;PERIOPAAM;16;Sairaanhoitaja, audionomi, terveydenhoitaja;1.0;3.0;3.0;5;4.0;3.0;3.0;5;5.0;4.0;6.0;5.0;2.0;1.0;1.0;2;3;4;3;4.0;3.0;4;4.0;3.0;4.0;5.0;4.0;3.0;3.0;4.0;4.0;4.0;4.0;4;5.0;4;4.0;4.0;5.0;3.0;4.0;4.0;5.0;4.0;4.0;3.0;3.0;4.0;4.0;3.0;4.0;3.0;5.0;3;3;2;4;b2dfa543-4263-4b91-9c1f-952b586ec93b;bronze_nes;1kAqANsuEkpCAAAAAAAAAA==;dbs/1kAqAA==/colls/1kAqANsuEko=/docs/1kAqANsuEkpCAAAAAAAAAA==/;"""6f006321-0000-4700-0000-6730a7c30000""";attachments/;1731241923
16;117;Leikkaus-anestesia;OSHOITAJA;25;Osastonhoitaja, tulosyksikköpäällikkö, palveluyksikköpäällikkö, palveluesihenkilö;1.0;4.0;1.0;6;5.0;5.0;5.0;6;6.0;6.0;5.0;5.0;6.0;6.0;6.0;6;6;6;6;5.0;4.0;3;4.0;3.0;4.0;5.0;6.0;5.0;4.0;3.0;5.0;6.0;6.0;5;6.0;6;5.0;6.0;4.0;6.0;6.0;4.0;6.0;5.0;5.0;6.0;6.0;3.0;6.0;6.0;6.0;5.0;6.0;5;5;6;6;6ca3e603-a0a0-4623-91d0-bf477cf1cb22;bronze_nes;1kAqANsuEkpDAAAAAAAAAA==;dbs/1kAqAA==/colls/1kAqANsuEko=/docs/1kAqANsuEkpDAAAAAAAAAA==/;"""6f006421-0000-4700-0000-6730a7c30000""";attachments/;1731241923
17;117;Päivystyspkl;EALAPSAIK;16;Sairaanhoitaja, audionomi, terveydenhoitaja;1.0;3.0;3.0;5;5.0;5.0;3.0;6;6.0;4.0;5.0;3.0;2.0;3.0;2.0;4;4;5;4;2.0;1.0;2;3.0;3.0;5.0;5.0;3.0;1.0;5.0;6.0;5.0;5.0;5.0;4;6.0;2;5.0;4.0;3.0;1.0;2.0;2.0;5.0;2.0;2.0;3.0;3.0;4.0;6.0;5.0;3.0;4.0;2.0;3;2;3;4;58d8b6bc-ac57-423f-accd-f99adea8c82a;bronze_nes;1kAqANsuEkpEAAAAAAAAAA==;dbs/1kAqAA==/colls/1kAqANsuEko=/docs/1kAqANsuEkpEAAAAAAAAAA==/;"""6f006521-0000-4700-0000-6730a7c30000""";attachments/;1731241923
18;117;Päivystyspkl;EALAPSAIK;16;Sairaanhoitaja, audionomi, terveydenhoitaja;1.0;4.0;2.0;6;3.0;4.0;3.0;3;3.0;4.0;5.0;3.0;3.0;3.0;1.0;5;3;3;5;3.0;4.0;3;3.0;2.0;2.0;3.0;4.0;2.0;3.0;3.0;2.0;3.0;1.0;3;4.0;2;5.0;5.0;2.0;3.0;3.0;3.0;5.0;4.0;4.0;4.0;5.0;1.0;4.0;3.0;4.0;5.0;5.0;5;3;5;4;b7348794-5c14-4ff2-b8fb-43572e77863b;bronze_nes;1kAqANsuEkpFAAAAAAAAAA==;dbs/1kAqAA==/colls/1kAqANsuEko=/docs/1kAqANsuEkpFAAAAAAAAAA==/;"""6f006621-0000-4700-0000-6730a7c30000""";attachments/;1731241923
19;117;Päivystyspkl;EALAPSAIK;16;Sairaanhoitaja, audionomi, terveydenhoitaja;2.0;;3.0;3;5.0;5.0;2.0;6;6.0;6.0;6.0;5.0;5.0;3.0;3.0;6;5;6;6;6.0;6.0;6;6.0;5.0;5.0;5.0;6.0;6.0;6.0;5.0;6.0;6.0;6.0;5;6.0;6;6.0;6.0;6.0;6.0;6.0;6.0;6.0;6.0;5.0;6.0;6.0;4.0;6.0;5.0;6.0;6.0;6.0;6;6;6;6;96ee12f5-b269-4ee5-89ce-f944618e8f8d;bronze_nes;1kAqANsuEkpGAAAAAAAAAA==;dbs/1kAqAA==/colls/1kAqANsuEko=/docs/1kAqANsuEkpGAAAAAAAAAA==/;"""6f006721-0000-4700-0000-6730a7c30000""";attachments/;1731241923
20;117;Päivystyspkl;EALAPSAIK;16;Sairaanhoitaja, audionomi, terveydenhoitaja;1.0;3.0;3.0;5;5.0;2.0;3.0;5;5.0;5.0;5.0;3.0;3.0;3.0;3.0;6;4;4;5;1.0;1.0;4;4.0;3.0;4.0;6.0;4.0;4.0;6.0;6.0;6.0;5.0;5.0;4;6.0;5;6.0;5.0;5.0;3.0;2.0;4.0;6.0;5.0;5.0;6.0;5.0;1.0;6.0;5.0;4.0;4.0;4.0;5;5;4;4;e7a5c20f-d582-4261-9642-aa1a79b73b68;bronze_nes;1kAqANsuEkpHAAAAAAAAAA==;dbs/1kAqAA==/colls/1kAqANsuEko=/docs/1kAqANsuEkpHAAAAAAAAAA==/;"""6f006821-0000-4700-0000-6730a7c30000""";attachments/;1731241923
21;117;Päivystyspkl;EALAPSAIK;16;Sairaanhoitaja, audionomi, terveydenhoitaja;1.0;3.0;3.0;4;4.0;5.0;5.0;5;5.0;6.0;5.0;3.0;5.0;5.0;1.0;6;5;5;6;4.0;5.0;5;1.0;3.0;5.0;6.0;;5.0;5.0;5.0;5.0;6.0;5.0;5;2.0;4;5.0;4.0;4.0;2.0;2.0;3.0;6.0;5.0;4.0;6.0;4.0;2.0;6.0;6.0;6.0;5.0;4.0;5;1;3;4;39737e18-f262-4bbd-86c1-b93d4b68a561;bronze_nes;1kAqANsuEkpIAAAAAAAAAA==;dbs/1kAqAA==/colls/1kAqANsuEko=/docs/1kAqANsuEkpIAAAAAAAAAA==/;"""6f006921-0000-4700-0000-6730a7c30000""";attachments/;1731241923
22;117;Päivystyspkl;EALAPSAIK;16;Sairaanhoitaja, audionomi, terveydenhoitaja;1.0;3.0;3.0;5;2.0;5.0;2.0;5;6.0;6.0;6.0;4.0;5.0;1.0;1.0;3;3;3;5;3.0;2.0;2;2.0;2.0;5.0;6.0;2.0;3.0;2.0;4.0;1.0;3.0;5.0;4;5.0;3;4.0;4.0;5.0;5.0;2.0;3.0;5.0;4.0;3.0;2.0;3.0;2.0;6.0;5.0;5.0;6.0;6.0;2;2;4;5;4b741ab1-7533-488a-9706-b1c8398818e0;bronze_nes;1kAqANsuEkpJAAAAAAAAAA==;dbs/1kAqAA==/colls/1kAqANsuEko=/docs/1kAqANsuEkpJAAAAAAAAAA==/;"""6f006a21-0000-4700-0000-6730a7c30000""";attachments/;1731241923
23;117;Päivystyspkl;EALAPSAIK;16;Sairaanhoitaja, audionomi, terveydenhoitaja;1.0;3.0;3.0;5;2.0;2.0;;4;3.0;3.0;4.0;5.0;4.0;3.0;3.0;3;4;5;6;5.0;4.0;3;2.0;1.0;6.0;5.0;4.0;3.0;1.0;2.0;3.0;4.0;5.0;4;5.0;4;3.0;1.0;2.0;3.0;4.0;5.0;6.0;5.0;4.0;3.0;2.0;5.0;4.0;3.0;;1.0;6.0;5;4;3;2;a614a66c-8ec6-418f-bd73-3ee05e120ecf;bronze_nes;1kAqANsuEkpKAAAAAAAAAA==;dbs/1kAqAA==/colls/1kAqANsuEko=/docs/1kAqANsuEkpKAAAAAAAAAA==/;"""6f006b21-0000-4700-0000-6730a7c30000""";attachments/;1731241923
24;117;Päivystyspkl;EALAPSAIK;16;Sairaanhoitaja, audionomi, terveydenhoitaja;1.0;3.0;3.0;4;4.0;4.0;4.0;6;5.0;6.0;6.0;4.0;3.0;4.0;3.0;4;4;4;4;4.0;4.0;2;4.0;2.0;2.0;5.0;4.0;4.0;5.0;3.0;4.0;2.0;3.0;5;5.0;4;4.0;4.0;2.0;3.0;3.0;4.0;6.0;6.0;5.0;6.0;4.0;3.0;6.0;5.0;5.0;5.0;4.0;5;4;4;5;c97363b8-f583-4c42-bb07-e1b4416528d2;bronze_nes;1kAqANsuEkpLAAAAAAAAAA==;dbs/1kAqAA==/colls/1kAqANsuEko=/docs/1kAqANsuEkpLAAAAAAAAAA==/;"""6f006c21-0000-4700-0000-6730a7c40000""";attachments/;1731241924
25;117;Hengityshalvausyksikkö;AIKMEDKOT;10;Lähihoitaja, perushoitaja, lvm-sairaankuljettaja, lääkintävahtimestari, kipsimestari;1.0;5.0;3.0;5;6.0;5.0;6.0;6;6.0;6.0;5.0;4.0;3.0;3.0;3.0;6;6;6;6;5.0;4.0;3;3.0;3.0;4.0;6.0;5.0;6.0;5.0;3.0;3.0;5.0;4.0;4;3.0;3;5.0;6.0;5.0;6.0;5.0;6.0;;6.0;6.0;6.0;6.0;4.0;4.0;3.0;5.0;5.0;6.0;6;6;6;6;82e508ef-fdc5-430b-b6bf-5109376b4b33;bronze_nes;1kAqANsuEkpMAAAAAAAAAA==;dbs/1kAqAA==/colls/1kAqANsuEko=/docs/1kAqANsuEkpMAAAAAAAAAA==/;"""6f006d21-0000-4700-0000-6730a7c40000""";attachments/;1731241924
26;117;Ensihoito;ENSIHOITO;20;Ensihoitaja / vastaava ensihoitaja;1.0;3.0;3.0;4;4.0;5.0;4.0;6;5.0;5.0;5.0;4.0;4.0;3.0;1.0;5;4;4;5;4.0;4.0;4;4.0;3.0;5.0;6.0;4.0;4.0;5.0;4.0;3.0;4.0;3.0;4;4.0;4;5.0;4.0;3.0;3.0;4.0;3.0;6.0;5.0;4.0;5.0;4.0;4.0;5.0;5.0;4.0;5.0;5.0;4;4;4;5;e057e003-f7d3-414a-af6d-d10e82bf5849;bronze_nes;1kAqANsuEkpNAAAAAAAAAA==;dbs/1kAqAA==/colls/1kAqANsuEko=/docs/1kAqANsuEkpNAAAAAAAAAA==/;"""6f006e21-0000-4700-0000-6730a7c40000""";attachments/;1731241924
27;117;Osasto B;AIKKIRMUU;16;Sairaanhoitaja, audionomi, terveydenhoitaja;1.0;3.0;3.0;3;4.0;6.0;5.0;6;6.0;6.0;6.0;4.0;4.0;4.0;2.0;6;6;6;6;6.0;4.0;3;2.0;2.0;6.0;6.0;6.0;6.0;6.0;6.0;4.0;6.0;4.0;4;2.0;3;5.0;2.0;6.0;6.0;4.0;4.0;6.0;6.0;6.0;6.0;4.0;1.0;6.0;2.0;3.0;6.0;6.0;6;6;6;6;9d6686f7-47d9-420c-9494-c79a37e28996;bronze_nes;1kAqANsuEkpOAAAAAAAAAA==;dbs/1kAqAA==/colls/1kAqANsuEko=/docs/1kAqANsuEkpOAAAAAAAAAA==/;"""6f007021-0000-4700-0000-6730a7c40000""";attachments/;1731241924
28;117;Hengityshalvausyksikkö;OSHOITAJA;25;Osastonhoitaja, tulosyksikköpäällikkö, palveluyksikköpäällikkö, palveluesihenkilö;1.0;2.0;1.0;3;4.0;5.0;4.0;5;4.0;5.0;3.0;4.0;5.0;5.0;4.0;5;5;5;6;6.0;5.0;2;3.0;2.0;5.0;5.0;4.0;6.0;5.0;3.0;5.0;3.0;;5;6.0;4;6.0;4.0;4.0;5.0;5.0;5.0;5.0;4.0;3.0;6.0;5.0;5.0;5.0;5.0;6.0;5.0;6.0;5;4;5;5;f08ed392-eb7e-48b1-beac-34661f2df53b;bronze_nes;1kAqANsuEkpPAAAAAAAAAA==;dbs/1kAqAA==/colls/1kAqANsuEko=/docs/1kAqANsuEkpPAAAAAAAAAA==/;"""6f007521-0000-4700-0000-6730a7c40000""";attachments/;1731241924
29;117;Geriatrian pkl;AIKPKLVAS;16;Muistihoitaja, muistikoordinaattori;1.0;3.0;1.0;3;4.0;5.0;4.0;5;4.0;5.0;5.0;5.0;4.0;4.0;2.0;5;4;4;4;4.0;5.0;4;3.0;2.0;3.0;5.0;4.0;4.0;5.0;4.0;5.0;3.0;3.0;4;4.0;3;3.0;3.0;4.0;4.0;5.0;4.0;5.0;5.0;5.0;5.0;4.0;5.0;5.0;5.0;6.0;6.0;6.0;5;5;6;6;c6b55e4e-7ff1-4ccd-a3a0-b1e1c3e0d8ff;bronze_nes;1kAqANsuEkpQAAAAAAAAAA==;dbs/1kAqAA==/colls/1kAqANsuEko=/docs/1kAqANsuEkpQAAAAAAAAAA==/;"""6f007621-0000-4700-0000-6730a7c40000""";attachments/;1731241924
30;117;Päivystyspkl;EALAPSAIK;16;Sairaanhoitaja, audionomi, terveydenhoitaja;1.0;3.0;2.0;4;3.0;3.0;3.0;5;3.0;5.0;6.0;5.0;2.0;2.0;1.0;5;5;5;5;2.0;2.0;2;2.0;2.0;5.0;5.0;5.0;2.0;5.0;5.0;5.0;5.0;2.0;2;5.0;5;5.0;3.0;5.0;2.0;4.0;4.0;5.0;5.0;3.0;4.0;2.0;2.0;6.0;6.0;2.0;6.0;6.0;5;3;5;5;d74521b1-5030-48b0-b3cb-8cd3879391ce;bronze_nes;1kAqANsuEkpRAAAAAAAAAA==;dbs/1kAqAA==/colls/1kAqANsuEko=/docs/1kAqANsuEkpRAAAAAAAAAA==/;"""6f007721-0000-4700-0000-6730a7c40000""";attachments/;1731241924
31;117;Päivystyspkl;EALAPSAIK;16;Sairaanhoitaja, audionomi, terveydenhoitaja;1.0;3.0;3.0;3;5.0;5.0;4.0;5;5.0;5.0;5.0;4.0;3.0;2.0;4.0;5;4;5;5;3.0;3.0;3;4.0;3.0;3.0;4.0;5.0;4.0;5.0;4.0;4.0;5.0;5.0;5;5.0;4;5.0;5.0;4.0;4.0;5.0;4.0;5.0;4.0;3.0;5.0;4.0;5.0;5.0;5.0;4.0;4.0;4.0;4;4;4;4;dfb1fa75-df5f-40ff-bf7d-017f61722237;bronze_nes;1kAqANsuEkpSAAAAAAAAAA==;dbs/1kAqAA==/colls/1kAqANsuEko=/docs/1kAqANsuEkpSAAAAAAAAAA==/;"""6f007821-0000-4700-0000-6730a7c40000""";attachments/;1731241924
32;117;Päivystyspkl;EALAPSAIK;16;Sairaanhoitaja, audionomi, terveydenhoitaja;1.0;3.0;2.0;5;4.0;5.0;4.0;6;6.0;6.0;6.0;;4.0;3.0;3.0;6;6;6;6;4.0;3.0;4;3.0;3.0;3.0;5.0;3.0;1.0;5.0;4.0;5.0;3.0;5.0;6;6.0;5;4.0;6.0;5.0;5.0;5.0;4.0;6.0;6.0;6.0;2.0;4.0;4.0;6.0;5.0;6.0;6.0;6.0;5;4;5;5;ba07e0d7-9047-4c3f-a032-86cc1713c6c2;bronze_nes;1kAqANsuEkpTAAAAAAAAAA==;dbs/1kAqAA==/colls/1kAqANsuEko=/docs/1kAqANsuEkpTAAAAAAAAAA==/;"""6f007921-0000-4700-0000-6730a7c40000""";attachments/;1731241924
33;117;Päivystyspkl;EALAPSAIK;16;Sairaanhoitaja, audionomi, terveydenhoitaja;1.0;3.0;2.0;5;3.0;2.0;3.0;5;5.0;5.0;5.0;4.0;2.0;2.0;2.0;4;3;3;4;3.0;2.0;2;2.0;2.0;4.0;6.0;2.0;2.0;3.0;4.0;4.0;5.0;4.0;3;5.0;2;3.0;5.0;4.0;4.0;3.0;3.0;6.0;1.0;3.0;1.0;4.0;4.0;5.0;4.0;1.0;6.0;4.0;5;2;3;4;cdc0bb22-a3f9-4248-9fd1-99c6437bf3d0;bronze_nes;1kAqANsuEkpUAAAAAAAAAA==;dbs/1kAqAA==/colls/1kAqANsuEko=/docs/1kAqANsuEkpUAAAAAAAAAA==/;"""6f007a21-0000-4700-0000-6730a7c40000""";attachments/;1731241924
34;117;Leikkaus-anestesia;PERIOPAAM;16;Sairaanhoitaja, audionomi, terveydenhoitaja;1.0;1.0;3.0;4;3.0;2.0;3.0;5;5.0;5.0;4.0;4.0;4.0;5.0;5.0;5;4;6;6;3.0;1.0;2;4.0;2.0;4.0;5.0;2.0;1.0;4.0;4.0;4.0;3.0;3.0;5;5.0;4;5.0;4.0;2.0;2.0;4.0;3.0;5.0;4.0;4.0;3.0;2.0;3.0;4.0;3.0;6.0;3.0;3.0;4;1;4;2;b9a8a851-9c43-46d2-87be-346f87219acc;bronze_nes;1kAqANsuEkpVAAAAAAAAAA==;dbs/1kAqAA==/colls/1kAqANsuEko=/docs/1kAqANsuEkpVAAAAAAAAAA==/;"""6f007b21-0000-4700-0000-6730a7c40000""";attachments/;1731241924
35;117;Ensihoito;ENSIHOITO;20;Ensihoitaja / vastaava ensihoitaja;1.0;3.0;3.0;4;2.0;2.0;2.0;5;5.0;5.0;5.0;2.0;1.0;2.0;1.0;2;2;2;3;4.0;2.0;2;2.0;1.0;2.0;5.0;2.0;1.0;4.0;5.0;2.0;4.0;5.0;5;5.0;2;4.0;3.0;2.0;5.0;2.0;2.0;5.0;5.0;5.0;5.0;3.0;2.0;5.0;3.0;2.0;4.0;4.0;2;2;4;4;d4c5e1a8-43dd-43f4-a32a-01360c7c3c14;bronze_nes;1kAqANsuEkpWAAAAAAAAAA==;dbs/1kAqAA==/colls/1kAqANsuEko=/docs/1kAqANsuEkpWAAAAAAAAAA==/;"""6f007c21-0000-4700-0000-6730a7c40000""";attachments/;1731241924
36;117;Osasto B;AIKKIRMUU;16;Sairaanhoitaja, audionomi, terveydenhoitaja;2.0;3.0;3.0;2;5.0;5.0;5.0;4;6.0;6.0;6.0;5.0;5.0;6.0;3.0;6;5;6;6;5.0;4.0;5;5.0;5.0;6.0;6.0;5.0;5.0;3.0;5.0;4.0;5.0;5.0;5;5.0;5;5.0;6.0;6.0;6.0;6.0;5.0;6.0;6.0;5.0;3.0;5.0;4.0;6.0;6.0;6.0;5.0;5.0;4;5;5;5;6de63195-2dfd-4a36-a87d-be9d0cd45439;bronze_nes;1kAqANsuEkpXAAAAAAAAAA==;dbs/1kAqAA==/colls/1kAqANsuEko=/docs/1kAqANsuEkpXAAAAAAAAAA==/;"""6f007e21-0000-4700-0000-6730a7c40000""";attachments/;1731241924
37;117;Osasto B;AIKKIRMUU;16;Sairaanhoitaja, audionomi, terveydenhoitaja;2.0;3.0;2.0;3;5.0;5.0;5.0;6;4.0;5.0;5.0;5.0;3.0;4.0;1.0;6;4;6;6;2.0;2.0;4;4.0;2.0;5.0;5.0;5.0;4.0;6.0;6.0;6.0;2.0;5.0;5;5.0;5;5.0;6.0;2.0;6.0;6.0;6.0;6.0;6.0;6.0;6.0;3.0;6.0;6.0;5.0;6.0;6.0;6.0;5;3;5;5;a17ed10f-5dea-4b60-a663-c7bf72440d0c;bronze_nes;1kAqANsuEkpYAAAAAAAAAA==;dbs/1kAqAA==/colls/1kAqANsuEko=/docs/1kAqANsuEkpYAAAAAAAAAA==/;"""6f007f21-0000-4700-0000-6730a7c40000""";attachments/;1731241924
38;117;Leikkaus-anestesia;PERIOPAAM;16;Sairaanhoitaja, audionomi, terveydenhoitaja;1.0;3.0;3.0;6;4.0;4.0;3.0;4;5.0;5.0;3.0;5.0;4.0;1.0;4.0;4;3;3;4;1.0;3.0;3;3.0;2.0;1.0;6.0;3.0;1.0;5.0;3.0;5.0;4.0;4.0;3;5.0;4;4.0;5.0;2.0;4.0;6.0;2.0;6.0;6.0;6.0;6.0;4.0;;;;;;;5;4;6;6;2ea467ff-d6ba-49e1-94a3-570d96f2f300;bronze_nes;1kAqANsuEkpZAAAAAAAAAA==;dbs/1kAqAA==/colls/1kAqANsuEko=/docs/1kAqANsuEkpZAAAAAAAAAA==/;"""6f008021-0000-4700-0000-6730a7c50000""";attachments/;1731241925
39;117;Leikkaus-anestesia;PERIOPAAM;16;Sairaanhoitaja, audionomi, terveydenhoitaja;1.0;3.0;3.0;3;4.0;3.0;4.0;5;5.0;5.0;4.0;3.0;4.0;5.0;4.0;3;3;4;3;2.0;3.0;1;3.0;2.0;4.0;5.0;5.0;3.0;4.0;3.0;4.0;5.0;4.0;3;5.0;4;3.0;2.0;3.0;4.0;4.0;3.0;6.0;4.0;5.0;6.0;3.0;4.0;5.0;4.0;5.0;4.0;4.0;1;3;4;4;6f302c35-ae11-4ec8-ae4b-1f047a2e9acb;bronze_nes;1kAqANsuEkpaAAAAAAAAAA==;dbs/1kAqAA==/colls/1kAqANsuEko=/docs/1kAqANsuEkpaAAAAAAAAAA==/;"""6f008121-0000-4700-0000-6730a7c50000""";attachments/;1731241925
40;117;Leikkaus-anestesia;PERIOPAAM;16;Sairaanhoitaja, audionomi, terveydenhoitaja;1.0;3.0;3.0;4;4.0;3.0;3.0;6;6.0;6.0;6.0;3.0;3.0;2.0;2.0;1;2;6;4;3.0;1.0;2;2.0;1.0;4.0;5.0;3.0;1.0;4.0;4.0;2.0;5.0;6.0;6;6.0;5;6.0;6.0;2.0;6.0;1.0;1.0;6.0;5.0;5.0;3.0;1.0;2.0;6.0;3.0;6.0;6.0;5.0;3;6;4;6;a9450276-d655-4112-a98c-4f71c55da152;bronze_nes;1kAqANsuEkpbAAAAAAAAAA==;dbs/1kAqAA==/colls/1kAqANsuEko=/docs/1kAqANsuEkpbAAAAAAAAAA==/;"""6f008221-0000-4700-0000-6730a7c50000""";attachments/;1731241925
41;117;Leikkaus-anestesia;PERIOPAAM;16;Sairaanhoitaja, audionomi, terveydenhoitaja;1.0;3.0;3.0;3;3.0;4.0;4.0;6;6.0;6.0;6.0;3.0;4.0;6.0;1.0;4;4;4;5;3.0;3.0;5;4.0;3.0;5.0;5.0;5.0;5.0;3.0;4.0;4.0;4.0;4.0;4;5.0;4;5.0;4.0;5.0;5.0;4.0;4.0;4.0;4.0;4.0;3.0;4.0;4.0;5.0;4.0;5.0;5.0;6.0;5;5;5;4;4c7016fa-f73f-4a15-9fdf-eb22d23a5083;bronze_nes;1kAqANsuEkpcAAAAAAAAAA==;dbs/1kAqAA==/colls/1kAqANsuEko=/docs/1kAqANsuEkpcAAAAAAAAAA==/;"""6f008321-0000-4700-0000-6730a7c50000""";attachments/;1731241925
42;117;Leikkaus-anestesia;PERIOPAAM;16;Sairaanhoitaja, audionomi, terveydenhoitaja;2.0;3.0;3.0;5;3.0;5.0;3.0;6;6.0;6.0;6.0;3.0;2.0;2.0;3.0;1;1;1;1;2.0;2.0;2;2.0;2.0;5.0;6.0;5.0;1.0;5.0;4.0;1.0;2.0;1.0;3;6.0;1;5.0;2.0;2.0;3.0;2.0;2.0;5.0;4.0;1.0;2.0;1.0;5.0;6.0;3.0;4.0;6.0;6.0;2;2;4;5;b7d67582-b201-4bff-8657-758b1e67352f;bronze_nes;1kAqANsuEkpdAAAAAAAAAA==;dbs/1kAqAA==/colls/1kAqANsuEko=/docs/1kAqANsuEkpdAAAAAAAAAA==/;"""6f008521-0000-4700-0000-6730a7c50000""";attachments/;1731241925
43;117;Leikkaus-anestesia;PERIOPAAM;16;Sairaanhoitaja, audionomi, terveydenhoitaja;1.0;3.0;3.0;6;3.0;3.0;4.0;5;5.0;4.0;5.0;3.0;2.0;4.0;4.0;2;1;5;3;4.0;2.0;5;4.0;4.0;4.0;6.0;5.0;2.0;1.0;3.0;1.0;1.0;4.0;3;5.0;4;5.0;5.0;2.0;4.0;3.0;3.0;5.0;5.0;5.0;1.0;4.0;2.0;5.0;5.0;4.0;5.0;4.0;2;3;4;2;ae2a6f3b-8ad0-42a9-bfc2-6a338c86149c;bronze_nes;1kAqANsuEkpeAAAAAAAAAA==;dbs/1kAqAA==/colls/1kAqANsuEko=/docs/1kAqANsuEkpeAAAAAAAAAA==/;"""6f008621-0000-4700-0000-6730a7c50000""";attachments/;1731241925
44;117;Osasto B;AIKKIRMUU;16;Sairaanhoitaja, audionomi, terveydenhoitaja;2.0;3.0;3.0;3;5.0;4.0;5.0;6;5.0;5.0;5.0;5.0;4.0;4.0;2.0;5;5;5;6;5.0;5.0;4;;;5.0;5.0;5.0;5.0;5.0;5.0;4.0;4.0;5.0;5;5.0;5;4.0;5.0;5.0;6.0;;4.0;5.0;4.0;4.0;5.0;4.0;4.0;5.0;5.0;4.0;6.0;6.0;6;6;6;5;08268fb6-2f27-4ac9-8318-371db1beea07;bronze_nes;1kAqANsuEkpfAAAAAAAAAA==;dbs/1kAqAA==/colls/1kAqANsuEko=/docs/1kAqANsuEkpfAAAAAAAAAA==/;"""6f008721-0000-4700-0000-6730a7c50000""";attachments/;1731241925
45;117;Päivystyspkl;EALAPSAIK;16;Sairaanhoitaja, audionomi, terveydenhoitaja;2.0;3.0;3.0;2;5.0;5.0;5.0;5;4.0;4.0;5.0;4.0;5.0;3.0;3.0;5;5;5;5;5.0;5.0;5;5.0;5.0;4.0;5.0;;6.0;5.0;4.0;5.0;4.0;4.0;3;5.0;4;5.0;5.0;5.0;5.0;4.0;4.0;5.0;4.0;4.0;6.0;4.0;4.0;5.0;5.0;4.0;6.0;6.0;6;6;6;6;5bb754f0-8679-4470-b55c-7c8fc357a14f;bronze_nes;1kAqANsuEkpgAAAAAAAAAA==;dbs/1kAqAA==/colls/1kAqANsuEko=/docs/1kAqANsuEkpgAAAAAAAAAA==/;"""6f008821-0000-4700-0000-6730a7c50000""";attachments/;1731241925
46;117;Päivystyspkl;EALAPSAIK;16;Sairaanhoitaja, audionomi, terveydenhoitaja;1.0;3.0;3.0;6;3.0;6.0;2.0;4;2.0;5.0;5.0;2.0;1.0;2.0;1.0;1;1;3;1;1.0;1.0;1;1.0;1.0;5.0;6.0;1.0;1.0;5.0;6.0;1.0;4.0;2.0;2;6.0;1;4.0;4.0;2.0;4.0;2.0;2.0;3.0;3.0;2.0;;2.0;1.0;4.0;2.0;1.0;6.0;6.0;2;2;2;6;658304e8-f17c-434a-b324-33dabf30945b;bronze_nes;1kAqANsuEkphAAAAAAAAAA==;dbs/1kAqAA==/colls/1kAqANsuEko=/docs/1kAqANsuEkphAAAAAAAAAA==/;"""6f008921-0000-4700-0000-6730a7c50000""";attachments/;1731241925
47;117;Päivystyspkl;EALAPSAIK;16;Sairaanhoitaja, audionomi, terveydenhoitaja;1.0;3.0;3.0;5;4.0;5.0;4.0;6;5.0;5.0;4.0;4.0;4.0;1.0;2.0;4;2;4;4;4.0;3.0;3;4.0;3.0;5.0;5.0;5.0;4.0;5.0;5.0;5.0;5.0;5.0;3;5.0;4;5.0;5.0;5.0;5.0;4.0;5.0;5.0;5.0;4.0;5.0;4.0;3.0;6.0;5.0;2.0;5.0;5.0;4;4;5;5;91771aa2-ea40-4d56-b219-b2584550203e;bronze_nes;1kAqANsuEkpiAAAAAAAAAA==;dbs/1kAqAA==/colls/1kAqANsuEko=/docs/1kAqANsuEkpiAAAAAAAAAA==/;"""6f008a21-0000-4700-0000-6730a7c50000""";attachments/;1731241925
48;117;Leikkaus-anestesia;PERIOPAAM;16;Sairaanhoitaja, audionomi, terveydenhoitaja;1.0;3.0;2.0;3;5.0;4.0;5.0;5;6.0;6.0;4.0;5.0;3.0;3.0;5.0;4;4;5;5;3.0;3.0;3;4.0;4.0;3.0;5.0;5.0;4.0;4.0;4.0;5.0;6.0;5.0;3;5.0;3;4.0;5.0;4.0;4.0;5.0;4.0;6.0;6.0;6.0;6.0;4.0;4.0;5.0;5.0;5.0;6.0;6.0;5;4;2;5;8b5455c5-502c-47d3-9267-6f04f5f1988c;bronze_nes;1kAqANsuEkpjAAAAAAAAAA==;dbs/1kAqAA==/colls/1kAqANsuEko=/docs/1kAqANsuEkpjAAAAAAAAAA==/;"""6f008b21-0000-4700-0000-6730a7c50000""";attachments/;1731241925
49;117;Teho- ja valvontaosasto;AIKTEHOHO;16;Sairaanhoitaja, audionomi, terveydenhoitaja;1.0;3.0;3.0;4;4.0;4.0;4.0;3;4.0;5.0;5.0;1.0;3.0;5.0;1.0;4;4;5;5;;4.0;3;3.0;3.0;5.0;5.0;;3.0;3.0;4.0;3.0;4.0;3.0;3;4.0;3;4.0;5.0;4.0;2.0;2.0;;4.0;5.0;4.0;5.0;;2.0;4.0;;6.0;5.0;6.0;5;4;6;6;9070776d-2731-4424-8867-9c1f14b5c612;bronze_nes;1kAqANsuEkpkAAAAAAAAAA==;dbs/1kAqAA==/colls/1kAqANsuEko=/docs/1kAqANsuEkpkAAAAAAAAAA==/;"""6f008c21-0000-4700-0000-6730a7c50000""";attachments/;1731241925
50;117;Kirurgian- ja vatsatautien pkl;AIKPKLVAS;16;Sairaanhoitaja, audionomi, terveydenhoitaja;1.0;3.0;1.0;6;5.0;5.0;4.0;5;4.0;5.0;5.0;4.0;4.0;3.0;2.0;5;5;5;5;4.0;4.0;5;5.0;4.0;5.0;5.0;5.0;3.0;4.0;5.0;4.0;4.0;5.0;4;5.0;4;4.0;4.0;4.0;3.0;3.0;3.0;5.0;5.0;5.0;4.0;3.0;3.0;5.0;4.0;6.0;5.0;6.0;3;3;5;6;24f2de9a-a225-4dfc-9a6b-3d163ca3434e;bronze_nes;1kAqANsuEkplAAAAAAAAAA==;dbs/1kAqAA==/colls/1kAqANsuEko=/docs/1kAqANsuEkplAAAAAAAAAA==/;"""6f008d21-0000-4700-0000-6730a7c50000""";attachments/;1731241925
51;117;Geriatrian pkl;AIKPKLVAS;16;Muistihoitaja, muistikoordinaattori;1.0;4.0;1.0;3;6.0;6.0;6.0;6;6.0;6.0;6.0;5.0;5.0;1.0;1.0;6;6;6;6;5.0;5.0;4;4.0;4.0;5.0;5.0;5.0;4.0;5.0;5.0;6.0;5.0;5.0;5;6.0;5;6.0;5.0;3.0;6.0;5.0;4.0;4.0;6.0;5.0;6.0;6.0;4.0;6.0;5.0;6.0;6.0;6.0;5;4;6;6;da30d651-2c92-418e-9d02-c8c66cf5d1bc;bronze_nes;1kAqANsuEkpmAAAAAAAAAA==;dbs/1kAqAA==/colls/1kAqANsuEko=/docs/1kAqANsuEkpmAAAAAAAAAA==/;"""6f008e21-0000-4700-0000-6730a7c50000""";attachments/;1731241925
52;117;Teho- ja valvontaosasto;AIKTEHOHO;16;Sairaanhoitaja, audionomi, terveydenhoitaja;1.0;4.0;2.0;6;6.0;6.0;5.0;6;5.0;5.0;5.0;5.0;5.0;6.0;4.0;6;6;6;6;5.0;4.0;5;6.0;6.0;5.0;5.0;5.0;3.0;4.0;5.0;4.0;5.0;6.0;6;6.0;6;6.0;6.0;;;;;5.0;5.0;5.0;6.0;4.0;5.0;6.0;6.0;6.0;6.0;6.0;5;5;2;6;e01d32eb-0052-4fdb-a47b-177c038e4376;bronze_nes;1kAqANsuEkpnAAAAAAAAAA==;dbs/1kAqAA==/colls/1kAqANsuEko=/docs/1kAqANsuEkpnAAAAAAAAAA==/;"""6f008f21-0000-4700-0000-6730a7c50000""";attachments/;1731241925
53;117;Kirurgian- ja vatsatautien pkl;AIKPKLVAS;10;Lähihoitaja, perushoitaja, lvm-sairaankuljettaja, lääkintävahtimestari, kipsimestari;1.0;5.0;1.0;6;4.0;5.0;4.0;4;4.0;5.0;5.0;4.0;3.0;3.0;2.0;5;5;5;5;5.0;4.0;4;4.0;4.0;4.0;5.0;4.0;4.0;4.0;4.0;5.0;4.0;4.0;4;4.0;4;5.0;4.0;4.0;5.0;5.0;4.0;5.0;4.0;4.0;5.0;4.0;4.0;5.0;4.0;5.0;4.0;5.0;4;4;5;5;1ab439c1-36e8-4523-bbaf-69aa644ba406;bronze_nes;1kAqANsuEkpoAAAAAAAAAA==;dbs/1kAqAA==/colls/1kAqANsuEko=/docs/1kAqANsuEkpoAAAAAAAAAA==/;"""6f009021-0000-4700-0000-6730a7c60000""";attachments/;1731241926
54;117;Kirurgian- ja vatsatautien pkl;AIKPKLVAS;16;Sairaanhoitaja, audionomi, terveydenhoitaja;1.0;3.0;1.0;5;3.0;4.0;2.0;5;4.0;5.0;6.0;3.0;1.0;5.0;1.0;2;2;2;3;2.0;2.0;1;2.0;1.0;6.0;6.0;4.0;2.0;4.0;5.0;3.0;4.0;4.0;4;5.0;2;4.0;5.0;2.0;4.0;3.0;3.0;5.0;5.0;5.0;6.0;3.0;4.0;3.0;4.0;6.0;5.0;4.0;3;2;4;5;04682520-ca03-4dcb-8fbf-9c553ef1bb80;bronze_nes;1kAqANsuEkppAAAAAAAAAA==;dbs/1kAqAA==/colls/1kAqANsuEko=/docs/1kAqANsuEkppAAAAAAAAAA==/;"""6f009121-0000-4700-0000-6730a7c60000""";attachments/;1731241926
55;117;Silmätautien pkl;AIKPKLVAS;16;Sairaanhoitaja, audionomi, terveydenhoitaja;1.0;3.0;1.0;5;4.0;4.0;4.0;5;4.0;5.0;5.0;5.0;3.0;5.0;4.0;4;4;4;4;4.0;4.0;4;4.0;4.0;4.0;5.0;4.0;4.0;4.0;4.0;4.0;4.0;4.0;5;5.0;4;5.0;4.0;4.0;3.0;3.0;3.0;3.0;3.0;3.0;5.0;4.0;4.0;5.0;5.0;5.0;5.0;3.0;4;4;4;4;85c40915-fadd-431c-8e5d-e3894fc8372b;bronze_nes;1kAqANsuEkpqAAAAAAAAAA==;dbs/1kAqAA==/colls/1kAqANsuEko=/docs/1kAqANsuEkpqAAAAAAAAAA==/;"""6f009221-0000-4700-0000-6730a7c60000""";attachments/;1731241926
56;117;Teho- ja valvontaosasto;AIKTEHOHO;16;Sairaanhoitaja, audionomi, terveydenhoitaja;1.0;3.0;3.0;3;5.0;5.0;4.0;4;4.0;5.0;6.0;5.0;5.0;4.0;4.0;5;5;5;5;4.0;4.0;4;4.0;4.0;5.0;5.0;5.0;4.0;5.0;5.0;5.0;5.0;5.0;5;5.0;5;5.0;5.0;5.0;4.0;1.0;3.0;5.0;5.0;5.0;3.0;4.0;4.0;5.0;5.0;6.0;5.0;5.0;5;5;5;5;12a076d8-291b-43eb-8c81-056e9d6f3807;bronze_nes;1kAqANsuEkprAAAAAAAAAA==;dbs/1kAqAA==/colls/1kAqANsuEko=/docs/1kAqANsuEkprAAAAAAAAAA==/;"""6f009321-0000-4700-0000-6730a7c60000""";attachments/;1731241926
57;117;Teho- ja valvontaosasto;AIKTEHOHO;16;Sairaanhoitaja, audionomi, terveydenhoitaja;2.0;3.0;3.0;3;4.0;4.0;3.0;6;5.0;5.0;6.0;5.0;5.0;6.0;3.0;4;4;5;4;2.0;3.0;4;5.0;3.0;5.0;5.0;4.0;4.0;4.0;3.0;3.0;4.0;6.0;5;6.0;5;5.0;4.0;5.0;6.0;4.0;3.0;6.0;6.0;5.0;6.0;4.0;4.0;6.0;6.0;6.0;6.0;6.0;5;3;6;6;ceb6f6a7-306f-40e2-86b5-0b02de852600;bronze_nes;1kAqANsuEkpsAAAAAAAAAA==;dbs/1kAqAA==/colls/1kAqANsuEko=/docs/1kAqANsuEkpsAAAAAAAAAA==/;"""6f009521-0000-4700-0000-6730a7c60000""";attachments/;1731241926
58;117;Teho- ja valvontaosasto;AIKTEHOHO;16;Sairaanhoitaja, audionomi, terveydenhoitaja;1.0;3.0;3.0;4;4.0;6.0;4.0;6;6.0;6.0;6.0;6.0;4.0;6.0;1.0;6;6;6;6;3.0;4.0;6;6.0;5.0;6.0;6.0;1.0;1.0;5.0;6.0;6.0;5.0;5.0;6;6.0;5;6.0;6.0;6.0;6.0;5.0;4.0;6.0;6.0;6.0;6.0;5.0;1.0;6.0;5.0;6.0;6.0;6.0;4;5;6;6;a97447e5-285d-45b5-a42e-8e87c03c6a79;bronze_nes;1kAqANsuEkptAAAAAAAAAA==;dbs/1kAqAA==/colls/1kAqANsuEko=/docs/1kAqANsuEkptAAAAAAAAAA==/;"""6f009621-0000-4700-0000-6730a7c60000""";attachments/;1731241926
59;117;Teho- ja valvontaosasto;AIKTEHOHO;16;Sairaanhoitaja, audionomi, terveydenhoitaja;1.0;3.0;3.0;6;4.0;4.0;4.0;5;5.0;5.0;5.0;4.0;5.0;6.0;2.0;5;5;5;5;1.0;2.0;4;4.0;4.0;5.0;6.0;6.0;3.0;4.0;5.0;5.0;6.0;6.0;4;6.0;4;5.0;4.0;4.0;3.0;3.0;3.0;5.0;5.0;5.0;2.0;3.0;4.0;5.0;4.0;6.0;6.0;6.0;4;4;4;5;dbd097dd-7a1b-4bd1-8c4c-51b59ad403f3;bronze_nes;1kAqANsuEkpuAAAAAAAAAA==;dbs/1kAqAA==/colls/1kAqANsuEko=/docs/1kAqANsuEkpuAAAAAAAAAA==/;"""6f009721-0000-4700-0000-6730a7c60000""";attachments/;1731241926
60;117;Teho- ja valvontaosasto;AIKTEHOHO;16;Sairaanhoitaja, audionomi, terveydenhoitaja;1.0;3.0;3.0;6;3.0;4.0;2.0;5;5.0;5.0;6.0;4.0;3.0;4.0;1.0;5;5;3;4;1.0;2.0;3;3.0;3.0;6.0;6.0;5.0;3.0;4.0;4.0;3.0;5.0;4.0;5;4.0;3;4.0;5.0;3.0;2.0;3.0;1.0;5.0;5.0;4.0;4.0;3.0;1.0;5.0;3.0;6.0;4.0;4.0;4;4;5;5;fc1937a1-55b2-4236-a1de-42fd527f6508;bronze_nes;1kAqANsuEkpvAAAAAAAAAA==;dbs/1kAqAA==/colls/1kAqANsuEko=/docs/1kAqANsuEkpvAAAAAAAAAA==/;"""6f009821-0000-4700-0000-6730a7c60000""";attachments/;1731241926
61;117;Osasto B;AIKKIRMUU;16;Sairaanhoitaja, audionomi, terveydenhoitaja;1.0;3.0;3.0;4;4.0;4.0;4.0;6;6.0;6.0;6.0;4.0;4.0;6.0;4.0;5;5;5;5;5.0;3.0;4;5.0;4.0;6.0;6.0;6.0;4.0;5.0;6.0;4.0;6.0;6.0;6;6.0;5;6.0;5.0;4.0;6.0;5.0;4.0;5.0;6.0;6.0;4.0;4.0;4.0;6.0;5.0;6.0;6.0;6.0;5;4;5;5;73ac8937-bc69-41be-8386-6550edeeea7b;bronze_nes;1kAqANsuEkpwAAAAAAAAAA==;dbs/1kAqAA==/colls/1kAqANsuEko=/docs/1kAqANsuEkpwAAAAAAAAAA==/;"""6f009921-0000-4700-0000-6730a7c60000""";attachments/;1731241926
62;117;Päivystyspkl;EALAPSAIK;16;Sairaanhoitaja, audionomi, terveydenhoitaja;1.0;3.0;3.0;3;2.0;3.0;2.0;6;6.0;6.0;5.0;4.0;5.0;4.0;2.0;5;5;6;6;4.0;1.0;6;5.0;5.0;5.0;5.0;5.0;2.0;5.0;5.0;5.0;6.0;6.0;5;6.0;5;5.0;6.0;6.0;6.0;5.0;5.0;5.0;5.0;5.0;5.0;2.0;4.0;6.0;5.0;5.0;6.0;6.0;5;4;6;5;22023b19-fba0-4ed5-9f40-3957ca275a11;bronze_nes;1kAqANsuEkpxAAAAAAAAAA==;dbs/1kAqAA==/colls/1kAqANsuEko=/docs/1kAqANsuEkpxAAAAAAAAAA==/;"""6f009b21-0000-4700-0000-6730a7c60000""";attachments/;1731241926
63;117;Leikkaus-anestesia;PERIOPAAM;16;Sairaanhoitaja, audionomi, terveydenhoitaja;2.0;3.0;3.0;3;3.0;5.0;2.0;4;5.0;5.0;3.0;3.0;3.0;2.0;5.0;2;2;4;3;3.0;3.0;1;2.0;1.0;3.0;4.0;3.0;2.0;3.0;1.0;2.0;3.0;5.0;4;5.0;3;4.0;2.0;5.0;5.0;5.0;5.0;5.0;5.0;4.0;5.0;2.0;4.0;4.0;;5.0;5.0;5.0;2;2;2;3;79fe4137-b248-4ec6-b1e5-11eac0a2909a;bronze_nes;1kAqANsuEkpyAAAAAAAAAA==;dbs/1kAqAA==/colls/1kAqANsuEko=/docs/1kAqANsuEkpyAAAAAAAAAA==/;"""6f009d21-0000-4700-0000-6730a7c60000""";attachments/;1731241926
64;117;Geriatrian pkl;AIKPKLVAS;16;Muistihoitaja, muistikoordinaattori;1.0;4.0;1.0;2;5.0;5.0;5.0;6;6.0;6.0;6.0;5.0;5.0;3.0;1.0;6;6;6;6;5.0;5.0;5;4.0;3.0;5.0;6.0;5.0;5.0;6.0;5.0;5.0;5.0;5.0;5;6.0;5;5.0;5.0;5.0;5.0;5.0;5.0;6.0;6.0;6.0;6.0;5.0;4.0;6.0;6.0;6.0;6.0;6.0;5;5;5;6;7b254236-d98c-4a4b-93ca-79a75abcd7f3;bronze_nes;1kAqANsuEkpzAAAAAAAAAA==;dbs/1kAqAA==/colls/1kAqANsuEko=/docs/1kAqANsuEkpzAAAAAAAAAA==/;"""6f009e21-0000-4700-0000-6730a7c60000""";attachments/;1731241926
65;117;Osasto B;AIKKIRMUU;10;Lähihoitaja, perushoitaja, lvm-sairaankuljettaja, lääkintävahtimestari, kipsimestari;2.0;5.0;2.0;3;5.0;5.0;5.0;5;6.0;6.0;5.0;5.0;5.0;4.0;2.0;6;5;6;6;4.0;5.0;6;5.0;5.0;5.0;6.0;6.0;5.0;5.0;4.0;6.0;2.0;5.0;6;6.0;5;6.0;5.0;4.0;5.0;5.0;6.0;5.0;5.0;5.0;5.0;6.0;6.0;6.0;5.0;5.0;6.0;6.0;6;5;5;6;01c8401e-ef36-44db-9855-9127978563bf;bronze_nes;1kAqANsuEkp0AAAAAAAAAA==;dbs/1kAqAA==/colls/1kAqANsuEko=/docs/1kAqANsuEkp0AAAAAAAAAA==/;"""6f009f21-0000-4700-0000-6730a7c60000""";attachments/;1731241926
66;117;Ensihoito;ENSIHOITO;20;Ensihoitaja / vastaava ensihoitaja;2.0;3.0;3.0;2;5.0;4.0;4.0;6;6.0;6.0;5.0;6.0;5.0;3.0;2.0;4;3;4;4;4.0;4.0;3;2.0;2.0;5.0;5.0;6.0;5.0;6.0;6.0;3.0;4.0;4.0;5;6.0;5;4.0;5.0;6.0;6.0;5.0;4.0;6.0;6.0;6.0;6.0;5.0;5.0;5.0;5.0;4.0;6.0;6.0;3;3;3;5;49776cde-5ebb-4478-8879-085e29ddd11e;bronze_nes;1kAqANsuEkp1AAAAAAAAAA==;dbs/1kAqAA==/colls/1kAqANsuEko=/docs/1kAqANsuEkp1AAAAAAAAAA==/;"""6f00a121-0000-4700-0000-6730a7c60000""";attachments/;1731241926
67;117;Päivystyspkl;EALAPSAIK;16;Sairaanhoitaja, audionomi, terveydenhoitaja;1.0;3.0;3.0;4;5.0;5.0;3.0;5;5.0;5.0;5.0;5.0;4.0;4.0;2.0;5;4;5;5;1.0;2.0;5;4.0;5.0;4.0;5.0;4.0;4.0;5.0;5.0;5.0;5.0;5.0;3;5.0;4;4.0;5.0;4.0;4.0;4.0;4.0;5.0;5.0;4.0;6.0;4.0;4.0;6.0;5.0;4.0;5.0;5.0;4;4;4;4;b3708539-2ea7-4b80-a127-83890279c2d1;bronze_nes;1kAqANsuEkp2AAAAAAAAAA==;dbs/1kAqAA==/colls/1kAqANsuEko=/docs/1kAqANsuEkp2AAAAAAAAAA==/;"""6f00a221-0000-4700-0000-6730a7c70000""";attachments/;1731241927
68;117;Teho- ja valvontaosasto;AIKTEHOHO;16;Sairaanhoitaja, audionomi, terveydenhoitaja;1.0;3.0;3.0;5;4.0;4.0;3.0;5;5.0;5.0;5.0;4.0;3.0;5.0;3.0;4;4;5;4;3.0;2.0;3;4.0;3.0;5.0;5.0;5.0;2.0;5.0;5.0;3.0;3.0;5.0;5;5.0;5;5.0;4.0;4.0;5.0;2.0;4.0;5.0;5.0;5.0;4.0;4.0;4.0;5.0;5.0;6.0;4.0;4.0;2;2;2;3;7f52beef-0b67-4962-aadf-daeab24322a4;bronze_nes;1kAqANsuEkp3AAAAAAAAAA==;dbs/1kAqAA==/colls/1kAqANsuEko=/docs/1kAqANsuEkp3AAAAAAAAAA==/;"""6f00a321-0000-4700-0000-6730a7c70000""";attachments/;1731241927
69;117;Korva, nenä- ja  kurkkutautien pkl;AIKPKLVAS;16;Sairaanhoitaja, audionomi, terveydenhoitaja;1.0;3.0;1.0;6;4.0;5.0;4.0;5;5.0;4.0;6.0;5.0;2.0;2.0;2.0;3;3;4;4;2.0;2.0;2;2.0;2.0;5.0;5.0;4.0;3.0;4.0;4.0;6.0;4.0;5.0;4;5.0;4;4.0;4.0;3.0;3.0;4.0;4.0;5.0;3.0;4.0;6.0;4.0;2.0;5.0;4.0;5.0;6.0;6.0;5;4;5;5;ccdf7d35-08e2-4c93-9530-a6eb553cf05f;bronze_nes;1kAqANsuEkp4AAAAAAAAAA==;dbs/1kAqAA==/colls/1kAqANsuEko=/docs/1kAqANsuEkp4AAAAAAAAAA==/;"""6f00a421-0000-4700-0000-6730a7c70000""";attachments/;1731241927
70;117;Leikkaus-anestesia;PERIOPAAM;10;Lähihoitaja, perushoitaja, lvm-sairaankuljettaja, lääkintävahtimestari, kipsimestari;2.0;5.0;1.0;4;4.0;5.0;4.0;5;4.0;6.0;6.0;5.0;5.0;4.0;6.0;5;4;5;5;5.0;4.0;4;4.0;4.0;4.0;4.0;5.0;4.0;4.0;5.0;3.0;5.0;5.0;5;5.0;4;6.0;5.0;4.0;4.0;5.0;4.0;5.0;6.0;6.0;6.0;5.0;3.0;5.0;5.0;6.0;5.0;4.0;4;4;4;5;54cd6594-c153-4db7-bf1f-052859624d06;bronze_nes;1kAqANsuEkp5AAAAAAAAAA==;dbs/1kAqAA==/colls/1kAqANsuEko=/docs/1kAqANsuEkp5AAAAAAAAAA==/;"""6f00a521-0000-4700-0000-6730a7c70000""";attachments/;1731241927
71;117;Sisätautien pkl;AIKPKLVAS;16;Sairaanhoitaja, audionomi, terveydenhoitaja;1.0;3.0;1.0;3;4.0;5.0;4.0;6;6.0;6.0;5.0;4.0;2.0;2.0;2.0;5;4;6;6;2.0;2.0;5;5.0;4.0;4.0;5.0;4.0;4.0;5.0;5.0;6.0;5.0;5.0;5;6.0;4;5.0;6.0;6.0;4.0;4.0;4.0;4.0;6.0;5.0;6.0;5.0;4.0;6.0;6.0;6.0;6.0;5.0;4;4;5;5;ad854472-2a22-42b7-beda-79c2c55c79ec;bronze_nes;1kAqANsuEkp6AAAAAAAAAA==;dbs/1kAqAA==/colls/1kAqANsuEko=/docs/1kAqANsuEkp6AAAAAAAAAA==/;"""6f00a621-0000-4700-0000-6730a7c70000""";attachments/;1731241927
72;117;Leikkaus-anestesia;PERIOPAAM;16;Sairaanhoitaja, audionomi, terveydenhoitaja;2.0;3.0;1.0;6;4.0;5.0;4.0;6;5.0;5.0;5.0;5.0;4.0;2.0;4.0;5;5;6;5;4.0;3.0;4;4.0;4.0;4.0;5.0;5.0;4.0;5.0;4.0;5.0;5.0;5.0;5;5.0;5;5.0;5.0;4.0;5.0;5.0;4.0;5.0;5.0;5.0;5.0;4.0;4.0;6.0;6.0;5.0;5.0;5.0;4;4;5;5;fe1c65e7-5648-44ca-b804-6a8e2cd41fef;bronze_nes;1kAqANsuEkp7AAAAAAAAAA==;dbs/1kAqAA==/colls/1kAqANsuEko=/docs/1kAqANsuEkp7AAAAAAAAAA==/;"""6f00a721-0000-4700-0000-6730a7c70000""";attachments/;1731241927
73;117;Päivystyspkl;EALAPSAIK;16;Sairaanhoitaja, audionomi, terveydenhoitaja;2.0;3.0;2.0;2;5.0;5.0;2.0;3;5.0;6.0;5.0;2.0;1.0;3.0;1.0;6;6;4;6;6.0;6.0;5;5.0;3.0;6.0;5.0;5.0;6.0;4.0;5.0;;4.0;5.0;5;5.0;2;3.0;3.0;3.0;3.0;3.0;4.0;4.0;1.0;1.0;6.0;5.0;3.0;5.0;;6.0;6.0;5.0;2;2;1;3;4fa851f2-650e-4be5-9485-d76bddb94000;bronze_nes;1kAqANsuEkp8AAAAAAAAAA==;dbs/1kAqAA==/colls/1kAqANsuEko=/docs/1kAqANsuEkp8AAAAAAAAAA==/;"""6f00a921-0000-4700-0000-6730a7c70000""";attachments/;1731241927
74;117;Leikkaus-anestesia;PERIOPAAM;16;Sairaanhoitaja, audionomi, terveydenhoitaja;1.0;3.0;3.0;4;4.0;5.0;5.0;6;6.0;6.0;6.0;5.0;4.0;4.0;3.0;3;4;5;5;3.0;3.0;3;4.0;3.0;3.0;5.0;4.0;3.0;4.0;4.0;3.0;3.0;4.0;4;6.0;3;4.0;5.0;3.0;5.0;4.0;2.0;5.0;6.0;6.0;6.0;4.0;4.0;6.0;4.0;6.0;5.0;4.0;3;3;4;5;8a5cac05-a97f-4f4f-b273-ff6b357286f7;bronze_nes;1kAqANsuEkp9AAAAAAAAAA==;dbs/1kAqAA==/colls/1kAqANsuEko=/docs/1kAqANsuEkp9AAAAAAAAAA==/;"""6f00aa21-0000-4700-0000-6730a7c70000""";attachments/;1731241927
75;117;Päiväsairaala, lääkehoidot, dialyysi, koronaariangio;MUUTMPPKL;16;Sairaanhoitaja, audionomi, terveydenhoitaja;1.0;4.0;1.0;6;5.0;6.0;4.0;6;3.0;4.0;6.0;4.0;3.0;2.0;1.0;4;3;5;4;2.0;3.0;4;4.0;4.0;4.0;5.0;6.0;4.0;5.0;5.0;5.0;5.0;3.0;3;5.0;4;4.0;5.0;3.0;3.0;2.0;3.0;5.0;5.0;5.0;6.0;4.0;3.0;5.0;4.0;6.0;5.0;6.0;5;5;5;5;7fa48c68-d3cf-4ff2-b7bb-4d9fa220e961;bronze_nes;1kAqANsuEkp+AAAAAAAAAA==;dbs/1kAqAA==/colls/1kAqANsuEko=/docs/1kAqANsuEkp+AAAAAAAAAA==/;"""6f00ab21-0000-4700-0000-6730a7c70000""";attachments/;1731241927
76;117;Leikkaus-anestesia;PERIOPAAM;16;Sairaanhoitaja, audionomi, terveydenhoitaja;1.0;4.0;1.0;6;5.0;6.0;5.0;4;4.0;4.0;;4.0;3.0;5.0;2.0;6;5;6;5;3.0;4.0;4;5.0;4.0;5.0;5.0;4.0;3.0;5.0;5.0;5.0;4.0;5.0;4;6.0;4;5.0;5.0;6.0;4.0;6.0;5.0;5.0;5.0;5.0;6.0;5.0;4.0;6.0;5.0;6.0;6.0;6.0;4;5;4;5;aeb7c917-0c48-4943-aa3d-f53588c318a3;bronze_nes;1kAqANsuEkp-AAAAAAAAAA==;dbs/1kAqAA==/colls/1kAqANsuEko=/docs/1kAqANsuEkp-AAAAAAAAAA==/;"""6f00ac21-0000-4700-0000-6730a7c70000""";attachments/;1731241927
77;117;Teho- ja valvontaosasto;AIKTEHOHO;16;Sairaanhoitaja, audionomi, terveydenhoitaja;1.0;3.0;3.0;6;5.0;4.0;4.0;4;4.0;5.0;5.0;3.0;3.0;4.0;2.0;5;5;6;5;2.0;4.0;4;4.0;4.0;4.0;5.0;5.0;4.0;5.0;4.0;4.0;4.0;6.0;5;5.0;4;5.0;5.0;4.0;2.0;3.0;4.0;5.0;5.0;6.0;3.0;4.0;2.0;6.0;4.0;5.0;4.0;5.0;4;3;5;5;16de271c-3bfe-439f-b8f1-20ffd55fe686;bronze_nes;1kAqANsuEkqAAAAAAAAAAA==;dbs/1kAqAA==/colls/1kAqANsuEko=/docs/1kAqANsuEkqAAAAAAAAAAA==/;"""6f00ad21-0000-4700-0000-6730a7c70000""";attachments/;1731241927
78;117;Osasto A;AIKMEDMUU;16;Sairaanhoitaja, audionomi, terveydenhoitaja;2.0;3.0;3.0;3;4.0;4.0;4.0;5;5.0;6.0;6.0;5.0;3.0;4.0;1.0;5;4;4;6;4.0;2.0;4;5.0;4.0;5.0;5.0;5.0;2.0;5.0;4.0;6.0;5.0;6.0;5;6.0;5;5.0;4.0;4.0;6.0;4.0;4.0;5.0;2.0;3.0;5.0;4.0;3.0;6.0;3.0;5.0;6.0;5.0;4;4;6;6;91f9c82b-5e49-4c36-93ab-4383e35ec495;bronze_nes;1kAqANsuEkqBAAAAAAAAAA==;dbs/1kAqAA==/colls/1kAqANsuEko=/docs/1kAqANsuEkqBAAAAAAAAAA==/;"""6f00ae21-0000-4700-0000-6730a7c70000""";attachments/;1731241927
79;117;Päivystyspkl;EALAPSAIK;16;Sairaanhoitaja, audionomi, terveydenhoitaja;1.0;3.0;2.0;5;3.0;2.0;4.0;6;6.0;6.0;6.0;4.0;2.0;6.0;2.0;5;3;4;3;4.0;4.0;3;4.0;2.0;5.0;5.0;5.0;2.0;5.0;5.0;2.0;5.0;4.0;5;6.0;2;5.0;4.0;3.0;4.0;4.0;3.0;5.0;5.0;5.0;5.0;2.0;2.0;4.0;5.0;5.0;5.0;5.0;4;2;5;5;e8b13dca-2607-4b4c-8a66-b4c929354135;bronze_nes;1kAqANsuEkqCAAAAAAAAAA==;dbs/1kAqAA==/colls/1kAqANsuEko=/docs/1kAqANsuEkqCAAAAAAAAAA==/;"""6f00af21-0000-4700-0000-6730a7c70000""";attachments/;1731241927
80;117;Osasto B;AIKKIRMUU;10;Lähihoitaja, perushoitaja, lvm-sairaankuljettaja, lääkintävahtimestari, kipsimestari;1.0;5.0;2.0;6;5.0;5.0;4.0;4;4.0;5.0;5.0;4.0;2.0;4.0;4.0;4;3;3;3;3.0;3.0;3;3.0;1.0;3.0;3.0;3.0;3.0;4.0;4.0;4.0;2.0;2.0;2;2.0;2;4.0;6.0;5.0;4.0;3.0;3.0;4.0;3.0;2.0;3.0;3.0;2.0;4.0;4.0;4.0;3.0;5.0;4;2;5;5;a806e3ce-2f35-41e7-9d55-d8b7754d5d78;bronze_nes;1kAqANsuEkqDAAAAAAAAAA==;dbs/1kAqAA==/colls/1kAqANsuEko=/docs/1kAqANsuEkqDAAAAAAAAAA==/;"""6f00b021-0000-4700-0000-6730a7c70000""";attachments/;1731241927
81;117;Päivystyspkl;EALAPSAIK;16;Sairaanhoitaja, audionomi, terveydenhoitaja;2.0;3.0;2.0;3;3.0;4.0;4.0;4;;5.0;5.0;3.0;4.0;4.0;2.0;3;4;4;4;3.0;4.0;3;3.0;3.0;4.0;5.0;5.0;4.0;3.0;4.0;4.0;3.0;4.0;4;4.0;4;4.0;4.0;4.0;5.0;3.0;3.0;4.0;4.0;4.0;4.0;4.0;4.0;4.0;4.0;3.0;4.0;4.0;4;4;4;4;c1b90779-1d12-49f7-8c01-e8347aeed413;bronze_nes;1kAqANsuEkqEAAAAAAAAAA==;dbs/1kAqAA==/colls/1kAqANsuEko=/docs/1kAqANsuEkqEAAAAAAAAAA==/;"""6f00b121-0000-4700-0000-6730a7c70000""";attachments/;1731241927
82;117;Päivystyspkl;EALAPSAIK;16;Sairaanhoitaja, audionomi, terveydenhoitaja;1.0;;2.0;5;5.0;5.0;4.0;6;5.0;5.0;6.0;5.0;4.0;5.0;3.0;4;5;4;5;5.0;5.0;6;5.0;5.0;4.0;5.0;4.0;4.0;5.0;5.0;5.0;5.0;5.0;5;6.0;3;6.0;5.0;5.0;4.0;4.0;4.0;3.0;4.0;4.0;6.0;5.0;3.0;5.0;5.0;5.0;6.0;6.0;5;5;5;5;d755cc0a-2f81-4b15-93ce-d22c47289177;bronze_nes;1kAqANsuEkqFAAAAAAAAAA==;dbs/1kAqAA==/colls/1kAqANsuEko=/docs/1kAqANsuEkqFAAAAAAAAAA==/;"""6f00b321-0000-4700-0000-6730a7c80000""";attachments/;1731241928
83;117;Teho- ja valvontaosasto;AIKTEHOHO;16;Sairaanhoitaja, audionomi, terveydenhoitaja;1.0;3.0;3.0;3;4.0;4.0;4.0;6;5.0;5.0;5.0;5.0;3.0;3.0;1.0;5;5;5;5;2.0;3.0;5;5.0;4.0;4.0;5.0;5.0;4.0;4.0;5.0;4.0;4.0;5.0;5;6.0;5;5.0;5.0;5.0;6.0;4.0;4.0;5.0;5.0;4.0;6.0;5.0;3.0;5.0;4.0;6.0;5.0;5.0;4;4;5;5;078309c5-f8d4-42f2-a655-77adbf95a2e0;bronze_nes;1kAqANsuEkqGAAAAAAAAAA==;dbs/1kAqAA==/colls/1kAqANsuEko=/docs/1kAqANsuEkqGAAAAAAAAAA==/;"""6f00b421-0000-4700-0000-6730a7c80000""";attachments/;1731241928
84;117;Teho- ja valvontaosasto;AIKTEHOHO;16;Sairaanhoitaja, audionomi, terveydenhoitaja;2.0;3.0;3.0;3;5.0;5.0;3.0;6;6.0;6.0;6.0;6.0;5.0;5.0;1.0;5;5;6;6;4.0;2.0;4;5.0;4.0;5.0;5.0;5.0;3.0;5.0;5.0;4.0;5.0;5.0;6;5.0;5;5.0;4.0;4.0;5.0;4.0;4.0;6.0;6.0;5.0;6.0;4.0;4.0;6.0;6.0;6.0;6.0;5.0;5;5;5;5;d868450f-d430-41ce-8862-209314a35650;bronze_nes;1kAqANsuEkqHAAAAAAAAAA==;dbs/1kAqAA==/colls/1kAqANsuEko=/docs/1kAqANsuEkqHAAAAAAAAAA==/;"""6f00b521-0000-4700-0000-6730a7c80000""";attachments/;1731241928
85;117;Ensihoito;ENSIHOITO;16;Sairaanhoitaja, audionomi, terveydenhoitaja;1.0;3.0;;5;4.0;5.0;3.0;6;5.0;6.0;6.0;4.0;4.0;1.0;1.0;5;4;5;4;4.0;4.0;4;5.0;3.0;5.0;5.0;4.0;4.0;5.0;5.0;5.0;5.0;6.0;4;5.0;6;4.0;5.0;4.0;4.0;3.0;4.0;6.0;6.0;6.0;6.0;6.0;4.0;6.0;6.0;4.0;6.0;6.0;5;5;6;6;8fd043dd-a16e-4ebe-b7ad-60580e4e93a1;bronze_nes;1kAqANsuEkqIAAAAAAAAAA==;dbs/1kAqAA==/colls/1kAqANsuEko=/docs/1kAqANsuEkqIAAAAAAAAAA==/;"""6f00b621-0000-4700-0000-6730a7c80000""";attachments/;1731241928
86;117;Teho- ja valvontaosasto;AIKTEHOHO;16;Sairaanhoitaja, audionomi, terveydenhoitaja;1.0;3.0;3.0;5;5.0;3.0;4.0;4;5.0;5.0;6.0;5.0;5.0;6.0;1.0;6;5;6;6;;5.0;3;3.0;3.0;5.0;6.0;6.0;3.0;3.0;5.0;3.0;3.0;5.0;4;5.0;5;5.0;5.0;5.0;6.0;4.0;3.0;6.0;6.0;6.0;4.0;3.0;3.0;6.0;5.0;6.0;6.0;6.0;6;5;6;6;15ee133c-21b9-4e40-ba49-8473b683ef6b;bronze_nes;1kAqANsuEkqJAAAAAAAAAA==;dbs/1kAqAA==/colls/1kAqANsuEko=/docs/1kAqANsuEkqJAAAAAAAAAA==/;"""6f00b721-0000-4700-0000-6730a7c80000""";attachments/;1731241928
87;117;Teho- ja valvontaosasto;AIKTEHOHO;16;Sairaanhoitaja, audionomi, terveydenhoitaja;1.0;3.0;3.0;6;5.0;5.0;3.0;5;4.0;5.0;4.0;3.0;3.0;3.0;3.0;5;4;5;4;4.0;4.0;4;4.0;4.0;4.0;5.0;4.0;3.0;3.0;5.0;3.0;4.0;5.0;4;4.0;4;5.0;5.0;3.0;3.0;3.0;3.0;5.0;3.0;3.0;4.0;4.0;3.0;5.0;4.0;5.0;4.0;5.0;4;4;4;4;d85d519b-adac-4ac3-a1a8-2c21b02295cc;bronze_nes;1kAqANsuEkqKAAAAAAAAAA==;dbs/1kAqAA==/colls/1kAqANsuEko=/docs/1kAqANsuEkqKAAAAAAAAAA==/;"""6f00b821-0000-4700-0000-6730a7c80000""";attachments/;1731241928
88;117;Teho- ja valvontaosasto;AIKTEHOHO;10;Lähihoitaja, perushoitaja, lvm-sairaankuljettaja, lääkintävahtimestari, kipsimestari;1.0;5.0;3.0;6;6.0;5.0;5.0;6;6.0;5.0;6.0;5.0;5.0;5.0;4.0;6;6;6;6;5.0;5.0;5;5.0;5.0;3.0;6.0;5.0;5.0;5.0;4.0;6.0;6.0;5.0;5;5.0;5;5.0;5.0;5.0;5.0;5.0;5.0;6.0;5.0;5.0;5.0;5.0;4.0;5.0;5.0;6.0;6.0;6.0;6;5;6;6;8ee3bf6d-910f-4ae0-99ed-69b2cbff044d;bronze_nes;1kAqANsuEkqLAAAAAAAAAA==;dbs/1kAqAA==/colls/1kAqANsuEko=/docs/1kAqANsuEkqLAAAAAAAAAA==/;"""6f00b921-0000-4700-0000-6730a7c80000""";attachments/;1731241928
89;117;Teho- ja valvontaosasto;AIKTEHOHO;16;Sairaanhoitaja, audionomi, terveydenhoitaja;1.0;3.0;3.0;3;5.0;5.0;5.0;6;4.0;5.0;5.0;5.0;5.0;6.0;5.0;5;6;6;5;3.0;4.0;5;5.0;4.0;5.0;5.0;5.0;4.0;4.0;5.0;3.0;3.0;4.0;5;5.0;5;6.0;5.0;5.0;5.0;4.0;3.0;5.0;5.0;5.0;4.0;3.0;4.0;5.0;5.0;6.0;5.0;5.0;5;4;5;5;f77197e7-5f9b-4ba1-8193-e8badbd416c4;bronze_nes;1kAqANsuEkqMAAAAAAAAAA==;dbs/1kAqAA==/colls/1kAqANsuEko=/docs/1kAqANsuEkqMAAAAAAAAAA==/;"""6f00ba21-0000-4700-0000-6730a7c80000""";attachments/;1731241928
90;117;Osasto B;AIKKIRMUU;16;Sairaanhoitaja, audionomi, terveydenhoitaja;1.0;3.0;3.0;5;5.0;5.0;5.0;4;5.0;6.0;6.0;5.0;4.0;6.0;2.0;6;6;6;6;6.0;5.0;6;6.0;6.0;6.0;6.0;6.0;4.0;5.0;6.0;6.0;6.0;6.0;4;6.0;5;6.0;6.0;6.0;5.0;5.0;3.0;6.0;4.0;3.0;6.0;5.0;5.0;6.0;6.0;5.0;6.0;6.0;6;4;6;6;0d125dfe-5908-4849-a6e3-71c3c6fed21e;bronze_nes;1kAqANsuEkqNAAAAAAAAAA==;dbs/1kAqAA==/colls/1kAqANsuEko=/docs/1kAqANsuEkqNAAAAAAAAAA==/;"""6f00bb21-0000-4700-0000-6730a7c80000""";attachments/;1731241928
91;117;Teho- ja valvontaosasto;AIKTEHOHO;16;Sairaanhoitaja, audionomi, terveydenhoitaja;1.0;3.0;3.0;5;5.0;5.0;5.0;5;5.0;5.0;5.0;4.0;5.0;3.0;2.0;5;5;5;5;1.0;4.0;4;5.0;2.0;5.0;5.0;5.0;5.0;4.0;4.0;4.0;5.0;4.0;5;4.0;4;5.0;4.0;4.0;4.0;4.0;3.0;5.0;5.0;5.0;6.0;4.0;4.0;5.0;4.0;6.0;5.0;4.0;4;4;4;5;fe9418e3-2d97-469b-b813-2f593c8a5bd8;bronze_nes;1kAqANsuEkqOAAAAAAAAAA==;dbs/1kAqAA==/colls/1kAqANsuEko=/docs/1kAqANsuEkqOAAAAAAAAAA==/;"""6f00bc21-0000-4700-0000-6730a7c80000""";attachments/;1731241928
92;117;Teho- ja valvontaosasto;AIKTEHOHO;16;Sairaanhoitaja, audionomi, terveydenhoitaja;1.0;3.0;3.0;5;5.0;5.0;5.0;4;4.0;5.0;5.0;4.0;5.0;5.0;3.0;5;5;6;5;4.0;4.0;5;5.0;4.0;4.0;5.0;5.0;4.0;5.0;5.0;4.0;5.0;5.0;5;5.0;5;5.0;5.0;4.0;4.0;4.0;3.0;5.0;5.0;5.0;3.0;5.0;4.0;5.0;5.0;5.0;5.0;4.0;4;4;3;5;09033fc6-0449-4dcc-90f2-4bfc95a2aa25;bronze_nes;1kAqANsuEkqPAAAAAAAAAA==;dbs/1kAqAA==/colls/1kAqANsuEko=/docs/1kAqANsuEkqPAAAAAAAAAA==/;"""6f00bd21-0000-4700-0000-6730a7c80000""";attachments/;1731241928
93;117;Teho- ja valvontaosasto;AIKTEHOHO;16;Sairaanhoitaja, audionomi, terveydenhoitaja;1.0;3.0;3.0;5;5.0;5.0;4.0;6;6.0;6.0;6.0;4.0;4.0;5.0;;5;4;5;4;3.0;3.0;3;4.0;4.0;5.0;6.0;6.0;3.0;2.0;5.0;2.0;3.0;5.0;5;6.0;4;6.0;5.0;5.0;5.0;4.0;4.0;6.0;6.0;6.0;6.0;4.0;5.0;6.0;6.0;6.0;6.0;6.0;5;5;5;6;c43cdcd2-a95f-402b-8250-b9365effc96d;bronze_nes;1kAqANsuEkqQAAAAAAAAAA==;dbs/1kAqAA==/colls/1kAqANsuEko=/docs/1kAqANsuEkqQAAAAAAAAAA==/;"""6f00be21-0000-4700-0000-6730a7c80000""";attachments/;1731241928
94;117;Teho- ja valvontaosasto;AIKTEHOHO;16;Sairaanhoitaja, audionomi, terveydenhoitaja;2.0;3.0;3.0;2;5.0;5.0;4.0;6;5.0;6.0;5.0;4.0;5.0;5.0;4.0;6;5;6;5;5.0;3.0;5;5.0;4.0;5.0;6.0;5.0;4.0;5.0;5.0;6.0;6.0;5.0;5;6.0;6;5.0;6.0;6.0;6.0;5.0;5.0;6.0;5.0;5.0;4.0;4.0;4.0;5.0;6.0;6.0;6.0;6.0;6;5;6;6;b5f1b6ee-9c96-4fc3-9c10-aeccc2ec1083;bronze_nes;1kAqANsuEkqRAAAAAAAAAA==;dbs/1kAqAA==/colls/1kAqANsuEko=/docs/1kAqANsuEkqRAAAAAAAAAA==/;"""6f00bf21-0000-4700-0000-6730a7c80000""";attachments/;1731241928
95;117;Hengityshalvausyksikkö;AIKMEDKOT;10;Lähihoitaja, perushoitaja, lvm-sairaankuljettaja, lääkintävahtimestari, kipsimestari;1.0;5.0;3.0;5;4.0;4.0;4.0;4;4.0;6.0;5.0;5.0;5.0;6.0;3.0;5;5;6;5;5.0;4.0;5;5.0;3.0;5.0;6.0;5.0;4.0;5.0;3.0;2.0;1.0;4.0;3;3.0;2;5.0;6.0;5.0;5.0;5.0;5.0;6.0;6.0;6.0;6.0;6.0;3.0;5.0;4.0;5.0;6.0;6.0;5;5;6;6;0178fa4b-acee-4543-a224-cc41324e8a24;bronze_nes;1kAqANsuEkqSAAAAAAAAAA==;dbs/1kAqAA==/colls/1kAqANsuEko=/docs/1kAqANsuEkqSAAAAAAAAAA==/;"""6f00c021-0000-4700-0000-6730a7c80000""";attachments/;1731241928
96;117;Teho- ja valvontaosasto;AIKTEHOHO;16;Sairaanhoitaja, audionomi, terveydenhoitaja;1.0;3.0;3.0;5;5.0;5.0;5.0;6;5.0;5.0;6.0;4.0;4.0;4.0;4.0;6;6;6;6;4.0;4.0;5;6.0;5.0;5.0;6.0;5.0;6.0;5.0;5.0;5.0;6.0;6.0;6;6.0;5;6.0;5.0;5.0;6.0;5.0;5.0;5.0;5.0;5.0;4.0;5.0;5.0;6.0;6.0;6.0;6.0;6.0;6;6;6;6;65901cbd-f24e-4f66-ba0a-6931f1fd044a;bronze_nes;1kAqANsuEkqTAAAAAAAAAA==;dbs/1kAqAA==/colls/1kAqANsuEko=/docs/1kAqANsuEkqTAAAAAAAAAA==/;"""6f00c121-0000-4700-0000-6730a7c90000""";attachments/;1731241929
97;117;Teho- ja valvontaosasto;AIKTEHOHO;16;Sairaanhoitaja, audionomi, terveydenhoitaja;1.0;3.0;3.0;4;4.0;6.0;5.0;4;5.0;6.0;6.0;5.0;2.0;6.0;1.0;6;6;6;5;2.0;3.0;4;5.0;3.0;6.0;6.0;5.0;2.0;5.0;5.0;2.0;6.0;5.0;2;5.0;4;5.0;5.0;5.0;4.0;2.0;4.0;6.0;6.0;6.0;6.0;4.0;1.0;5.0;5.0;6.0;5.0;5.0;5;5;5;6;a4cc9cb9-a0db-466b-8ca1-2bbe31a40a1d;bronze_nes;1kAqANsuEkqUAAAAAAAAAA==;dbs/1kAqAA==/colls/1kAqANsuEko=/docs/1kAqANsuEkqUAAAAAAAAAA==/;"""6f00c221-0000-4700-0000-6730a7c90000""";attachments/;1731241929
98;117;Teho- ja valvontaosasto;AIKTEHOHO;16;Sairaanhoitaja, audionomi, terveydenhoitaja;2.0;3.0;3.0;3;5.0;4.0;5.0;5;5.0;5.0;5.0;5.0;5.0;5.0;5.0;6;5;5;5;3.0;4.0;3;6.0;5.0;5.0;5.0;5.0;5.0;5.0;5.0;4.0;6.0;5.0;5;5.0;5;5.0;5.0;5.0;5.0;5.0;5.0;5.0;5.0;5.0;5.0;4.0;5.0;5.0;5.0;5.0;5.0;5.0;4;3;3;5;9db7737a-b207-4c43-aff9-96ea7687fa0c;bronze_nes;1kAqANsuEkqVAAAAAAAAAA==;dbs/1kAqAA==/colls/1kAqANsuEko=/docs/1kAqANsuEkqVAAAAAAAAAA==/;"""6f00c321-0000-4700-0000-6730a7c90000""";attachments/;1731241929
99;117;Päivystyspkl;EALAPSAIK;10;Lähihoitaja, perushoitaja, lvm-sairaankuljettaja, lääkintävahtimestari, kipsimestari;1.0;5.0;2.0;5;4.0;4.0;4.0;5;4.0;5.0;5.0;5.0;5.0;2.0;3.0;5;4;5;5;5.0;4.0;4;4.0;3.0;2.0;4.0;3.0;4.0;4.0;4.0;4.0;3.0;3.0;4;5.0;4;5.0;5.0;4.0;2.0;4.0;4.0;5.0;3.0;3.0;5.0;4.0;4.0;5.0;5.0;5.0;5.0;6.0;5;4;5;5;d8904e8c-5391-4882-818f-6f939da9c5c0;bronze_nes;1kAqANsuEkqWAAAAAAAAAA==;dbs/1kAqAA==/colls/1kAqANsuEko=/docs/1kAqANsuEkqWAAAAAAAAAA==/;"""6f00c421-0000-4700-0000-6730a7c90000""";attachments/;1731241929
100;117;Leikkaus-anestesia;PERIOPAAM;16;Sairaanhoitaja, audionomi, terveydenhoitaja;1.0;3.0;3.0;6;4.0;5.0;4.0;5;5.0;4.0;5.0;5.0;4.0;2.0;4.0;4;4;4;4;4.0;3.0;5;4.0;3.0;5.0;5.0;5.0;3.0;4.0;4.0;3.0;4.0;3.0;3;5.0;3;3.0;5.0;5.0;4.0;5.0;4.0;5.0;5.0;5.0;5.0;3.0;4.0;4.0;5.0;5.0;5.0;5.0;4;4;5;4;bcee8032-f1bf-4ee1-abc6-3fec30cf5715;bronze_nes;1kAqANsuEkqXAAAAAAAAAA==;dbs/1kAqAA==/colls/1kAqANsuEko=/docs/1kAqANsuEkqXAAAAAAAAAA==/;"""6f00c521-0000-4700-0000-6730a7c90000""";attachments/;1731241929
101;117;Teho- ja valvontaosasto;AIKTEHOHO;16;Sairaanhoitaja, audionomi, terveydenhoitaja;1.0;3.0;2.0;5;4.0;5.0;5.0;6;5.0;6.0;5.0;5.0;5.0;4.0;;6;6;6;6;3.0;3.0;5;4.0;4.0;4.0;6.0;6.0;4.0;4.0;4.0;4.0;4.0;;5;6.0;6;5.0;5.0;6.0;3.0;4.0;4.0;6.0;6.0;6.0;4.0;4.0;5.0;6.0;5.0;6.0;5.0;5.0;5;3;4;5;05dd17e1-8690-4d5a-9f50-c1c262c161d7;bronze_nes;1kAqANsuEkqYAAAAAAAAAA==;dbs/1kAqAA==/colls/1kAqANsuEko=/docs/1kAqANsuEkqYAAAAAAAAAA==/;"""6f00c621-0000-4700-0000-6730a7c90000""";attachments/;1731241929
102;117;Leikkaus-anestesia;PERIOPAAM;16;Sairaanhoitaja, audionomi, terveydenhoitaja;2.0;3.0;3.0;3;4.0;6.0;5.0;4;4.0;5.0;6.0;4.0;4.0;5.0;1.0;4;4;4;4;1.0;4.0;4;4.0;4.0;4.0;6.0;4.0;3.0;4.0;4.0;3.0;3.0;4.0;3;6.0;4;5.0;6.0;5.0;4.0;5.0;4.0;6.0;5.0;5.0;3.0;5.0;2.0;4.0;4.0;6.0;5.0;6.0;4;4;4;5;532a14bf-e5ad-46f2-bfee-6a436012b5f7;bronze_nes;1kAqANsuEkqZAAAAAAAAAA==;dbs/1kAqAA==/colls/1kAqANsuEko=/docs/1kAqANsuEkqZAAAAAAAAAA==/;"""6f00c721-0000-4700-0000-6730a7c90000""";attachments/;1731241929
103;117;Kirurgian- ja vatsatautien pkl;AIKPKLVAS;1;Apulaisosastonhoitaja, apulaispalveluesihenkilö;1.0;2.0;1.0;6;5.0;5.0;5.0;6;5.0;5.0;5.0;5.0;5.0;5.0;4.0;5;5;5;6;6.0;5.0;4;4.0;4.0;5.0;5.0;5.0;5.0;5.0;5.0;5.0;4.0;5.0;5;5.0;5;5.0;5.0;4.0;6.0;5.0;5.0;5.0;4.0;4.0;5.0;4.0;4.0;5.0;5.0;5.0;6.0;6.0;5;4;5;5;6b511b22-fd85-44c3-a339-1a3cb033489f;bronze_nes;1kAqANsuEkqaAAAAAAAAAA==;dbs/1kAqAA==/colls/1kAqANsuEko=/docs/1kAqANsuEkqaAAAAAAAAAA==/;"""6f00c821-0000-4700-0000-6730a7c90000""";attachments/;1731241929
104;117;Leikkaus-anestesia;PERIOPAAM;1;Apulaisosastonhoitaja, apulaispalveluesihenkilö;1.0;3.0;1.0;5;5.0;6.0;5.0;5;6.0;6.0;2.0;5.0;5.0;4.0;4.0;4;3;5;4;3.0;4.0;5;4.0;4.0;2.0;5.0;5.0;4.0;5.0;4.0;5.0;4.0;5.0;5;6.0;5;6.0;5.0;4.0;6.0;5.0;5.0;6.0;5.0;5.0;6.0;5.0;4.0;5.0;4.0;6.0;4.0;5.0;4;4;5;5;5ac322ef-b700-4fb8-9e50-11156c776e69;bronze_nes;1kAqANsuEkqbAAAAAAAAAA==;dbs/1kAqAA==/colls/1kAqANsuEko=/docs/1kAqANsuEkqbAAAAAAAAAA==/;"""6f00c921-0000-4700-0000-6730a7c90000""";attachments/;1731241929
105;117;Teho- ja valvontaosasto;AIKTEHOHO;16;Sairaanhoitaja, audionomi, terveydenhoitaja;2.0;3.0;3.0;2;5.0;5.0;4.0;6;4.0;4.0;6.0;5.0;5.0;5.0;5.0;5;5;5;5;5.0;4.0;5;5.0;4.0;5.0;5.0;5.0;5.0;5.0;5.0;5.0;5.0;5.0;5;5.0;5;5.0;5.0;;6.0;5.0;5.0;5.0;5.0;5.0;4.0;;5.0;5.0;5.0;5.0;5.0;6.0;5;5;5;5;0b71df03-515f-4fe1-8670-65aea935ae11;bronze_nes;1kAqANsuEkqcAAAAAAAAAA==;dbs/1kAqAA==/colls/1kAqANsuEko=/docs/1kAqANsuEkqcAAAAAAAAAA==/;"""6f00ca21-0000-4700-0000-6730a7c90000""";attachments/;1731241929
106;117;Ensihoito;OSHOITAJA;25;Osastonhoitaja, tulosyksikköpäällikkö, palveluyksikköpäällikkö, palveluesihenkilö;2.0;2.0;1.0;5;4.0;5.0;4.0;5;5.0;6.0;1.0;4.0;4.0;1.0;2.0;4;5;5;4;5.0;4.0;2;2.0;3.0;2.0;2.0;6.0;5.0;4.0;2.0;4.0;5.0;5.0;2;4.0;5;4.0;5.0;4.0;5.0;4.0;4.0;5.0;1.0;1.0;5.0;5.0;4.0;4.0;2.0;5.0;4.0;4.0;5;4;3;5;076e3230-f4ba-4407-b20a-b9f0527e4802;bronze_nes;1kAqANsuEkqdAAAAAAAAAA==;dbs/1kAqAA==/colls/1kAqANsuEko=/docs/1kAqANsuEkqdAAAAAAAAAA==/;"""6f00cb21-0000-4700-0000-6730a7c90000""";attachments/;1731241929
107;117;Geriatrian pkl;AIKPKLVAS;16;Muistihoitaja, muistikoordinaattori;1.0;3.0;1.0;6;5.0;5.0;5.0;6;5.0;6.0;6.0;5.0;4.0;2.0;1.0;6;6;6;6;6.0;5.0;5;5.0;5.0;5.0;6.0;6.0;4.0;6.0;6.0;5.0;6.0;6.0;6;6.0;5;5.0;6.0;5.0;5.0;6.0;5.0;6.0;5.0;5.0;6.0;4.0;5.0;6.0;5.0;6.0;6.0;6.0;5;4;6;6;8d63289d-2bbc-4dde-9ac2-7ee3e670968c;bronze_nes;1kAqANsuEkqeAAAAAAAAAA==;dbs/1kAqAA==/colls/1kAqANsuEko=/docs/1kAqANsuEkqeAAAAAAAAAA==/;"""6f00cc21-0000-4700-0000-6730a7c90000""";attachments/;1731241929
108;117;Päiväsairaala, lääkehoidot, dialyysi, koronaariangio;MUUTMPPKL;16;Sairaanhoitaja, audionomi, terveydenhoitaja;1.0;4.0;2.0;6;4.0;4.0;4.0;5;4.0;5.0;3.0;4.0;5.0;4.0;3.0;5;5;5;5;5.0;4.0;3;3.0;2.0;2.0;4.0;4.0;4.0;5.0;5.0;5.0;3.0;5.0;6;4.0;5;6.0;4.0;4.0;3.0;6.0;3.0;5.0;4.0;4.0;5.0;4.0;4.0;5.0;5.0;5.0;5.0;5.0;5;4;5;5;a97df81b-b37f-473c-b0d8-d7979af05d2b;bronze_nes;1kAqANsuEkqfAAAAAAAAAA==;dbs/1kAqAA==/colls/1kAqANsuEko=/docs/1kAqANsuEkqfAAAAAAAAAA==/;"""6f00cd21-0000-4700-0000-6730a7c90000""";attachments/;1731241929
109;117;Osasto B;AIKKIRMUU;16;Sairaanhoitaja, audionomi, terveydenhoitaja;1.0;3.0;2.0;3;4.0;4.0;3.0;5;5.0;5.0;6.0;3.0;4.0;5.0;1.0;5;5;5;5;5.0;3.0;3;3.0;3.0;4.0;5.0;5.0;3.0;4.0;4.0;1.0;1.0;5.0;5;5.0;5;4.0;4.0;4.0;4.0;4.0;3.0;5.0;5.0;5.0;4.0;3.0;3.0;6.0;5.0;5.0;5.0;5.0;5;4;5;5;49495655-f23a-48fb-bb5f-8596a786fb1f;bronze_nes;1kAqANsuEkqgAAAAAAAAAA==;dbs/1kAqAA==/colls/1kAqANsuEko=/docs/1kAqANsuEkqgAAAAAAAAAA==/;"""6f00cf21-0000-4700-0000-6730a7c90000""";attachments/;1731241929
110;117;Osasto B;AIKKIRMUU;16;Sairaanhoitaja, audionomi, terveydenhoitaja;1.0;4.0;3.0;6;2.0;3.0;2.0;4;4.0;5.0;5.0;4.0;3.0;4.0;2.0;5;5;5;5;4.0;3.0;4;4.0;3.0;5.0;6.0;4.0;3.0;4.0;5.0;4.0;3.0;4.0;4;5.0;4;5.0;5.0;4.0;5.0;4.0;4.0;5.0;5.0;5.0;5.0;3.0;1.0;6.0;4.0;4.0;5.0;5.0;5;4;5;5;e96b11bc-ef93-424b-bb5f-3ceb754f70a1;bronze_nes;1kAqANsuEkqhAAAAAAAAAA==;dbs/1kAqAA==/colls/1kAqANsuEko=/docs/1kAqANsuEkqhAAAAAAAAAA==/;"""6f00d421-0000-4700-0000-6730a7ca0000""";attachments/;1731241930
111;117;Osasto B;AIKKIRMUU;10;Lähihoitaja, perushoitaja, lvm-sairaankuljettaja, lääkintävahtimestari, kipsimestari;1.0;5.0;2.0;6;5.0;5.0;4.0;6;6.0;6.0;6.0;5.0;4.0;5.0;5.0;4;4;6;5;5.0;4.0;4;4.0;4.0;3.0;4.0;4.0;4.0;4.0;3.0;6.0;2.0;5.0;5;6.0;5;6.0;5.0;3.0;4.0;4.0;3.0;5.0;4.0;4.0;6.0;4.0;4.0;6.0;4.0;2.0;5.0;5.0;5;2;6;6;7aaabac6-3b1c-49f0-8a13-e9e9b7af6c97;bronze_nes;1kAqANsuEkqiAAAAAAAAAA==;dbs/1kAqAA==/colls/1kAqANsuEko=/docs/1kAqANsuEkqiAAAAAAAAAA==/;"""6f00d521-0000-4700-0000-6730a7ca0000""";attachments/;1731241930
112;117;Päivystyspkl;EALAPSAIK;16;Sairaanhoitaja, audionomi, terveydenhoitaja;1.0;4.0;3.0;6;5.0;6.0;5.0;5;5.0;6.0;6.0;5.0;5.0;4.0;4.0;5;5;5;5;5.0;4.0;6;5.0;5.0;6.0;6.0;5.0;5.0;5.0;6.0;6.0;6.0;6.0;4;5.0;5;5.0;5.0;5.0;4.0;5.0;5.0;6.0;4.0;4.0;5.0;4.0;5.0;6.0;5.0;5.0;6.0;6.0;5;5;5;5;f5f2cee1-b643-4a6f-a273-4d1ac5b2c891;bronze_nes;1kAqANsuEkqjAAAAAAAAAA==;dbs/1kAqAA==/colls/1kAqANsuEko=/docs/1kAqANsuEkqjAAAAAAAAAA==/;"""6f00d621-0000-4700-0000-6730a7ca0000""";attachments/;1731241930
113;117;Osasto B;AIKKIRMUU;16;Sairaanhoitaja, audionomi, terveydenhoitaja;1.0;3.0;3.0;3;4.0;5.0;3.0;5;5.0;5.0;6.0;2.0;1.0;4.0;1.0;1;1;2;1;1.0;1.0;2;2.0;2.0;5.0;6.0;4.0;1.0;3.0;3.0;5.0;5.0;5.0;2;5.0;4;4.0;5.0;2.0;3.0;2.0;2.0;5.0;3.0;3.0;6.0;3.0;2.0;5.0;3.0;2.0;2.0;2.0;3;3;4;4;2126001c-0968-452d-932a-3e07d62f1de7;bronze_nes;1kAqANsuEkqkAAAAAAAAAA==;dbs/1kAqAA==/colls/1kAqANsuEko=/docs/1kAqANsuEkqkAAAAAAAAAA==/;"""6f00d721-0000-4700-0000-6730a7ca0000""";attachments/;1731241930
114;117;Sisätautien pkl;AIKPKLVAS;16;Sairaanhoitaja, audionomi, terveydenhoitaja;1.0;3.0;1.0;3;5.0;5.0;4.0;6;6.0;6.0;6.0;5.0;4.0;;4.0;6;6;5;6;6.0;4.0;6;6.0;4.0;6.0;6.0;5.0;5.0;6.0;6.0;6.0;6.0;6.0;4;6.0;6;6.0;5.0;6.0;6.0;5.0;6.0;6.0;3.0;3.0;6.0;4.0;5.0;6.0;4.0;5.0;6.0;6.0;6;5;5;6;8d3b2b34-fa70-4923-8b8d-f55efc045bb9;bronze_nes;1kAqANsuEkqlAAAAAAAAAA==;dbs/1kAqAA==/colls/1kAqANsuEko=/docs/1kAqANsuEkqlAAAAAAAAAA==/;"""6f00d821-0000-4700-0000-6730a7ca0000""";attachments/;1731241930
115;117;Päiväsairaala, lääkehoidot, dialyysi, koronaariangio;MUUTMPPKL;16;Sairaanhoitaja, audionomi, terveydenhoitaja;1.0;3.0;2.0;6;4.0;5.0;4.0;6;6.0;6.0;5.0;2.0;3.0;2.0;1.0;6;5;5;6;3.0;3.0;4;4.0;3.0;3.0;5.0;6.0;2.0;4.0;4.0;5.0;4.0;6.0;5;6.0;4;6.0;5.0;5.0;4.0;5.0;4.0;5.0;3.0;3.0;4.0;3.0;4.0;6.0;4.0;5.0;6.0;6.0;3;3;4;5;ee3fd718-94a5-4f28-b0a0-b61df61aa0c5;bronze_nes;1kAqANsuEkqmAAAAAAAAAA==;dbs/1kAqAA==/colls/1kAqANsuEko=/docs/1kAqANsuEkqmAAAAAAAAAA==/;"""6f00d921-0000-4700-0000-6730a7ca0000""";attachments/;1731241930
116;117;Päiväsairaala, lääkehoidot, dialyysi, koronaariangio;MUUTMPPKL;1;Apulaisosastonhoitaja, apulaispalveluesihenkilö;1.0;2.0;1.0;5;4.0;5.0;5.0;6;5.0;5.0;6.0;5.0;4.0;4.0;4.0;5;6;6;6;6.0;4.0;4;4.0;4.0;6.0;6.0;5.0;5.0;4.0;5.0;5.0;5.0;6.0;5;6.0;5;6.0;6.0;5.0;5.0;5.0;5.0;5.0;5.0;3.0;6.0;5.0;5.0;6.0;5.0;6.0;5.0;6.0;5;4;5;6;226a005a-f4d3-4bbd-bfd7-f87bfb71e2c5;bronze_nes;1kAqANsuEkqnAAAAAAAAAA==;dbs/1kAqAA==/colls/1kAqANsuEko=/docs/1kAqANsuEkqnAAAAAAAAAA==/;"""6f00da21-0000-4700-0000-6730a7ca0000""";attachments/;1731241930
117;117;Kirurgian- ja vatsatautien pkl;AIKPKLVAS;16;Sairaanhoitaja, audionomi, terveydenhoitaja;;3.0;1.0;6;5.0;6.0;5.0;6;6.0;6.0;6.0;5.0;4.0;5.0;4.0;5;6;5;6;6.0;5.0;5;6.0;5.0;6.0;6.0;6.0;5.0;5.0;6.0;6.0;6.0;6.0;5;6.0;5;6.0;6.0;6.0;6.0;6.0;5.0;6.0;5.0;6.0;6.0;5.0;4.0;6.0;6.0;6.0;6.0;6.0;6;6;6;6;f2d4e4d7-13e5-4bad-81b2-845d5c9ed112;bronze_nes;1kAqANsuEkqoAAAAAAAAAA==;dbs/1kAqAA==/colls/1kAqANsuEko=/docs/1kAqANsuEkqoAAAAAAAAAA==/;"""6f00db21-0000-4700-0000-6730a7ca0000""";attachments/;1731241930
118;117;Leikkaus-anestesia;PERIOPAAM;16;Sairaanhoitaja, audionomi, terveydenhoitaja;1.0;3.0;3.0;4;3.0;3.0;4.0;5;6.0;6.0;4.0;3.0;3.0;3.0;1.0;4;3;5;5;4.0;3.0;2;2.0;1.0;5.0;6.0;5.0;2.0;4.0;5.0;3.0;6.0;4.0;2;5.0;2;5.0;4.0;3.0;2.0;3.0;2.0;6.0;4.0;5.0;6.0;3.0;1.0;4.0;3.0;5.0;5.0;5.0;4;3;4;5;74c31afe-f209-4253-b97e-78ea9c88726d;bronze_nes;1kAqANsuEkqpAAAAAAAAAA==;dbs/1kAqAA==/colls/1kAqANsuEko=/docs/1kAqANsuEkqpAAAAAAAAAA==/;"""6f00dc21-0000-4700-0000-6730a7ca0000""";attachments/;1731241930
119;117;Teho- ja valvontaosasto;AIKTEHOHO;16;Sairaanhoitaja, audionomi, terveydenhoitaja;1.0;3.0;3.0;5;5.0;5.0;5.0;5;5.0;6.0;5.0;6.0;6.0;6.0;5.0;6;6;6;6;5.0;5.0;6;6.0;6.0;5.0;6.0;5.0;6.0;5.0;5.0;5.0;4.0;5.0;5;6.0;5;5.0;5.0;6.0;4.0;5.0;5.0;6.0;6.0;5.0;6.0;6.0;4.0;6.0;4.0;6.0;6.0;6.0;6;5;6;6;4ea0bbbc-f6da-4878-b58c-9dd290dd2918;bronze_nes;1kAqANsuEkqqAAAAAAAAAA==;dbs/1kAqAA==/colls/1kAqANsuEko=/docs/1kAqANsuEkqqAAAAAAAAAA==/;"""6f00dd21-0000-4700-0000-6730a7ca0000""";attachments/;1731241930
120;117;Teho- ja valvontaosasto;OSHOITAJA;25;Osastonhoitaja, tulosyksikköpäällikkö, palveluyksikköpäällikkö, palveluesihenkilö;1.0;2.0;1.0;5;5.0;5.0;4.0;4;4.0;5.0;5.0;4.0;5.0;5.0;1.0;4;4;5;5;4.0;4.0;5;5.0;5.0;4.0;6.0;5.0;4.0;4.0;6.0;5.0;6.0;6.0;4;6.0;5;6.0;6.0;6.0;6.0;6.0;5.0;6.0;6.0;6.0;6.0;4.0;5.0;6.0;5.0;6.0;6.0;6.0;5;4;4;6;a7c296cb-f001-40b6-b7f5-ae9fb78cef49;bronze_nes;1kAqANsuEkqrAAAAAAAAAA==;dbs/1kAqAA==/colls/1kAqANsuEko=/docs/1kAqANsuEkqrAAAAAAAAAA==/;"""6f00de21-0000-4700-0000-6730a7ca0000""";attachments/;1731241930
121;117;Teho- ja valvontaosasto;AIKTEHOHO;16;Sairaanhoitaja, audionomi, terveydenhoitaja;1.0;3.0;3.0;5;4.0;5.0;3.0;5;4.0;4.0;6.0;5.0;4.0;3.0;3.0;6;6;6;6;1.0;2.0;5;4.0;4.0;3.0;5.0;4.0;3.0;5.0;5.0;5.0;4.0;4.0;5;5.0;5;4.0;5.0;5.0;4.0;4.0;4.0;6.0;5.0;6.0;4.0;4.0;2.0;6.0;5.0;6.0;6.0;6.0;5;4;5;5;6a0fafd5-eaa3-46d8-8e4d-c5f807645e45;bronze_nes;1kAqANsuEkqsAAAAAAAAAA==;dbs/1kAqAA==/colls/1kAqANsuEko=/docs/1kAqANsuEkqsAAAAAAAAAA==/;"""6f00df21-0000-4700-0000-6730a7ca0000""";attachments/;1731241930
122;117;Kirurgian- ja vatsatautien pkl;AIKPKLVAS;16;Sairaanhoitaja, audionomi, terveydenhoitaja;1.0;3.0;1.0;5;3.0;5.0;3.0;5;5.0;5.0;5.0;4.0;4.0;3.0;1.0;4;5;3;5;2.0;3.0;2;2.0;2.0;4.0;5.0;4.0;2.0;4.0;3.0;4.0;3.0;4.0;4;5.0;4;5.0;4.0;4.0;4.0;5.0;3.0;5.0;5.0;3.0;5.0;4.0;3.0;5.0;5.0;5.0;5.0;5.0;4;4;4;4;20a87176-3444-48a4-b178-74c6556b7780;bronze_nes;1kAqANsuEkqtAAAAAAAAAA==;dbs/1kAqAA==/colls/1kAqANsuEko=/docs/1kAqANsuEkqtAAAAAAAAAA==/;"""6f00e021-0000-4700-0000-6730a7ca0000""";attachments/;1731241930
123;117;Leikkaus-anestesia;PERIOPAAM;16;Sairaanhoitaja, audionomi, terveydenhoitaja;1.0;3.0;3.0;5;4.0;5.0;4.0;6;6.0;6.0;5.0;4.0;4.0;3.0;2.0;4;3;5;4;2.0;4.0;3;3.0;2.0;2.0;6.0;3.0;1.0;3.0;3.0;3.0;3.0;4.0;3;6.0;3;4.0;5.0;5.0;4.0;5.0;2.0;6.0;6.0;6.0;6.0;3.0;3.0;6.0;6.0;6.0;6.0;6.0;3;3;4;5;59100fd3-57f7-45e3-a4a6-1ef92389a75c;bronze_nes;1kAqANsuEkquAAAAAAAAAA==;dbs/1kAqAA==/colls/1kAqANsuEko=/docs/1kAqANsuEkquAAAAAAAAAA==/;"""6f00e121-0000-4700-0000-6730a7ca0000""";attachments/;1731241930
124;117;Korva, nenä- ja  kurkkutautien pkl;AIKPKLVAS;16;Sairaanhoitaja, audionomi, terveydenhoitaja;1.0;3.0;1.0;4;5.0;5.0;5.0;6;6.0;6.0;5.0;5.0;4.0;1.0;1.0;5;5;5;5;5.0;4.0;5;5.0;4.0;4.0;4.0;5.0;5.0;5.0;5.0;5.0;5.0;6.0;6;6.0;6;6.0;5.0;5.0;3.0;4.0;4.0;6.0;6.0;6.0;6.0;5.0;5.0;5.0;5.0;5.0;5.0;5.0;4;4;4;4;f3a2d3a2-f2a9-4600-bf4a-d0ff6b6e50c7;bronze_nes;1kAqANsuEkqvAAAAAAAAAA==;dbs/1kAqAA==/colls/1kAqANsuEko=/docs/1kAqANsuEkqvAAAAAAAAAA==/;"""6f00e221-0000-4700-0000-6730a7ca0000""";attachments/;1731241930
125;117;Sisätautien pkl;AIKPKLVAS;16;Sairaanhoitaja, audionomi, terveydenhoitaja;1.0;3.0;1.0;6;3.0;3.0;3.0;4;4.0;4.0;4.0;4.0;4.0;2.0;1.0;5;5;4;5;4.0;2.0;2;3.0;2.0;3.0;4.0;4.0;2.0;3.0;2.0;3.0;2.0;4.0;4;3.0;3;4.0;3.0;3.0;1.0;3.0;2.0;5.0;5.0;4.0;5.0;3.0;2.0;4.0;4.0;5.0;5.0;2.0;3;2;1;3;77610c76-4151-4bdc-aa95-2d8795c9c991;bronze_nes;1kAqANsuEkqwAAAAAAAAAA==;dbs/1kAqAA==/colls/1kAqANsuEko=/docs/1kAqANsuEkqwAAAAAAAAAA==/;"""6f00e321-0000-4700-0000-6730a7cb0000""";attachments/;1731241931
126;117;Päiväsairaala, lääkehoidot, dialyysi, koronaariangio;MUUTMPPKL;16;Sairaanhoitaja, audionomi, terveydenhoitaja;1.0;3.0;2.0;6;4.0;5.0;5.0;5;5.0;5.0;5.0;4.0;2.0;3.0;4.0;4;4;4;4;4.0;4.0;4;4.0;4.0;5.0;5.0;5.0;4.0;5.0;5.0;5.0;5.0;5.0;3;4.0;4;4.0;4.0;5.0;3.0;4.0;3.0;5.0;4.0;4.0;5.0;3.0;3.0;4.0;4.0;5.0;5.0;4.0;4;4;4;4;4dbb304f-ec2b-4d22-94e1-c59d9dd79550;bronze_nes;1kAqANsuEkqxAAAAAAAAAA==;dbs/1kAqAA==/colls/1kAqANsuEko=/docs/1kAqANsuEkqxAAAAAAAAAA==/;"""6f00e421-0000-4700-0000-6730a7cb0000""";attachments/;1731241931
127;117;Kirurgian- ja vatsatautien pkl;AIKPKLVAS;16;Sairaanhoitaja, audionomi, terveydenhoitaja;1.0;3.0;1.0;5;4.0;4.0;4.0;5;5.0;5.0;5.0;5.0;3.0;2.0;2.0;4;5;3;5;3.0;3.0;3;3.0;3.0;3.0;5.0;4.0;3.0;4.0;4.0;4.0;3.0;4.0;4;5.0;4;4.0;4.0;4.0;3.0;4.0;3.0;5.0;4.0;4.0;3.0;2.0;4.0;5.0;5.0;5.0;5.0;5.0;4;3;3;4;9ddbc118-ec9d-422a-9361-f71daae58a33;bronze_nes;1kAqANsuEkqyAAAAAAAAAA==;dbs/1kAqAA==/colls/1kAqANsuEko=/docs/1kAqANsuEkqyAAAAAAAAAA==/;"""6f00e521-0000-4700-0000-6730a7cb0000""";attachments/;1731241931
128;117;Teho- ja valvontaosasto;AIKTEHOHO;16;Sairaanhoitaja, audionomi, terveydenhoitaja;1.0;3.0;3.0;5;4.0;4.0;3.0;5;5.0;5.0;5.0;2.0;3.0;3.0;1.0;6;6;6;6;1.0;1.0;3;3.0;3.0;5.0;5.0;5.0;2.0;5.0;5.0;3.0;2.0;5.0;6;6.0;5;6.0;5.0;4.0;3.0;3.0;2.0;5.0;5.0;3.0;3.0;3.0;1.0;5.0;5.0;6.0;6.0;5.0;4;3;5;5;dbb39c69-9c96-44e7-9ec1-adf48664cb3e;bronze_nes;1kAqANsuEkqzAAAAAAAAAA==;dbs/1kAqAA==/colls/1kAqANsuEko=/docs/1kAqANsuEkqzAAAAAAAAAA==/;"""6f00e621-0000-4700-0000-6730a7cb0000""";attachments/;1731241931
129;117;Teho- ja valvontaosasto;AIKTEHOHO;16;Sairaanhoitaja, audionomi, terveydenhoitaja;1.0;3.0;3.0;6;5.0;5.0;5.0;6;5.0;5.0;5.0;5.0;6.0;5.0;2.0;6;5;6;6;2.0;2.0;5;5.0;3.0;4.0;5.0;5.0;3.0;4.0;4.0;5.0;5.0;5.0;4;5.0;5;5.0;5.0;5.0;4.0;5.0;5.0;5.0;5.0;5.0;5.0;3.0;2.0;5.0;5.0;5.0;5.0;6.0;5;5;5;5;6876c9e5-1b85-4868-88f9-f5210b31a094;bronze_nes;1kAqANsuEkq0AAAAAAAAAA==;dbs/1kAqAA==/colls/1kAqANsuEko=/docs/1kAqANsuEkq0AAAAAAAAAA==/;"""6f00e721-0000-4700-0000-6730a7cb0000""";attachments/;1731241931
130;117;Päivystyspkl;EALAPSAIK;16;Sairaanhoitaja, audionomi, terveydenhoitaja;1.0;3.0;3.0;5;4.0;4.0;3.0;5;5.0;5.0;5.0;2.0;4.0;1.0;1.0;5;4;4;4;4.0;1.0;3;2.0;2.0;4.0;4.0;3.0;1.0;3.0;4.0;2.0;4.0;5.0;5;6.0;5;6.0;3.0;4.0;3.0;4.0;4.0;4.0;1.0;1.0;4.0;2.0;3.0;6.0;5.0;3.0;4.0;4.0;4;4;4;4;7f573a94-24a0-43c6-9ea5-256e66bfeb33;bronze_nes;1kAqANsuEkq1AAAAAAAAAA==;dbs/1kAqAA==/colls/1kAqANsuEko=/docs/1kAqANsuEkq1AAAAAAAAAA==/;"""6f00e821-0000-4700-0000-6730a7cb0000""";attachments/;1731241931
131;117;Kirurgian- ja vatsatautien pkl;AIKPKLVAS;16;Sairaanhoitaja, audionomi, terveydenhoitaja;1.0;1.0;1.0;6;4.0;5.0;5.0;5;5.0;5.0;5.0;4.0;5.0;4.0;5.0;6;5;5;6;4.0;4.0;4;5.0;3.0;3.0;5.0;5.0;4.0;5.0;4.0;5.0;5.0;4.0;4;5.0;4;5.0;5.0;4.0;4.0;4.0;4.0;5.0;3.0;3.0;5.0;4.0;4.0;5.0;5.0;5.0;5.0;5.0;5;4;1;5;1d6dedee-455a-4bf9-90a8-fea35492018e;bronze_nes;1kAqANsuEkq2AAAAAAAAAA==;dbs/1kAqAA==/colls/1kAqANsuEko=/docs/1kAqANsuEkq2AAAAAAAAAA==/;"""6f00ea21-0000-4700-0000-6730a7cb0000""";attachments/;1731241931
132;117;Korva, nenä- ja  kurkkutautien pkl;AIKPKLVAS;16;Sairaanhoitaja, audionomi, terveydenhoitaja;1.0;3.0;1.0;6;4.0;5.0;5.0;6;6.0;6.0;6.0;4.0;5.0;4.0;1.0;5;5;5;6;4.0;4.0;5;5.0;5.0;5.0;5.0;6.0;5.0;6.0;5.0;6.0;5.0;5.0;6;6.0;5;6.0;6.0;6.0;2.0;4.0;4.0;6.0;5.0;5.0;6.0;4.0;3.0;6.0;5.0;6.0;6.0;6.0;5;5;5;6;e528e62f-465c-4719-915e-a50d4cd7199e;bronze_nes;1kAqANsuEkq3AAAAAAAAAA==;dbs/1kAqAA==/colls/1kAqANsuEko=/docs/1kAqANsuEkq3AAAAAAAAAA==/;"""6f00eb21-0000-4700-0000-6730a7cb0000""";attachments/;1731241931
133;117;Leikkaus-anestesia;PERIOPAAM;16;Sairaanhoitaja, audionomi, terveydenhoitaja;1.0;3.0;3.0;5;3.0;5.0;4.0;4;6.0;6.0;5.0;4.0;4.0;3.0;3.0;3;3;3;4;4.0;3.0;3;4.0;2.0;4.0;5.0;4.0;3.0;5.0;5.0;5.0;5.0;5.0;4;6.0;4;5.0;5.0;3.0;4.0;4.0;3.0;4.0;5.0;5.0;5.0;5.0;4.0;5.0;4.0;5.0;5.0;5.0;4;4;3;4;cdde7e2c-2783-40db-a167-95d2c8280ab6;bronze_nes;1kAqANsuEkq4AAAAAAAAAA==;dbs/1kAqAA==/colls/1kAqANsuEko=/docs/1kAqANsuEkq4AAAAAAAAAA==/;"""6f00ec21-0000-4700-0000-6730a7cb0000""";attachments/;1731241931
134;117;Hengityshalvausyksikkö;AIKMEDKOT;10;Lähihoitaja, perushoitaja, lvm-sairaankuljettaja, lääkintävahtimestari, kipsimestari;2.0;5.0;3.0;1;6.0;6.0;6.0;6;5.0;6.0;6.0;6.0;6.0;6.0;4.0;6;6;6;6;5.0;6.0;6;5.0;5.0;4.0;5.0;6.0;6.0;6.0;5.0;4.0;5.0;6.0;5;6.0;4;6.0;6.0;6.0;6.0;5.0;6.0;6.0;6.0;6.0;6.0;6.0;5.0;6.0;6.0;5.0;6.0;6.0;6;5;6;6;3e0371bc-0baf-4a5c-b80b-23d5277550fd;bronze_nes;1kAqANsuEkq5AAAAAAAAAA==;dbs/1kAqAA==/colls/1kAqANsuEko=/docs/1kAqANsuEkq5AAAAAAAAAA==/;"""6f00ed21-0000-4700-0000-6730a7cb0000""";attachments/;1731241931
135;117;Hengityshalvausyksikkö;AIKMEDKOT;10;Lähihoitaja, perushoitaja, lvm-sairaankuljettaja, lääkintävahtimestari, kipsimestari;1.0;5.0;3.0;6;4.0;5.0;4.0;3;4.0;4.0;5.0;3.0;3.0;5.0;2.0;4;3;4;3;4.0;4.0;4;4.0;3.0;4.0;5.0;4.0;4.0;4.0;4.0;2.0;3.0;3.0;4;3.0;3;4.0;4.0;3.0;4.0;5.0;4.0;4.0;5.0;6.0;3.0;4.0;4.0;3.0;4.0;5.0;3.0;5.0;4;4;5;5;97928cdb-59af-4344-b5fe-f140dc031541;bronze_nes;1kAqANsuEkq6AAAAAAAAAA==;dbs/1kAqAA==/colls/1kAqANsuEko=/docs/1kAqANsuEkq6AAAAAAAAAA==/;"""6f00ee21-0000-4700-0000-6730a7cb0000""";attachments/;1731241931
136;117;Osasto A;OSHOITAJA;25;Osastonhoitaja, tulosyksikköpäällikkö, palveluyksikköpäällikkö, palveluesihenkilö;1.0;2.0;1.0;5;3.0;4.0;3.0;6;6.0;6.0;6.0;6.0;5.0;6.0;6.0;5;6;6;6;6.0;3.0;4;4.0;3.0;4.0;5.0;5.0;2.0;4.0;4.0;5.0;4.0;5.0;6;5.0;5;6.0;5.0;4.0;5.0;5.0;5.0;5.0;5.0;5.0;6.0;3.0;2.0;6.0;5.0;6.0;5.0;6.0;5;5;5;5;eacba8b1-95ce-407f-86e7-002ccf84ebdd;bronze_nes;1kAqANsuEkq7AAAAAAAAAA==;dbs/1kAqAA==/colls/1kAqANsuEko=/docs/1kAqANsuEkq7AAAAAAAAAA==/;"""6f00ef21-0000-4700-0000-6730a7cb0000""";attachments/;1731241931
137;117;Keuhkosairauksien pkl;AIKPKLVAS;16;Sairaanhoitaja, audionomi, terveydenhoitaja;1.0;3.0;1.0;5;5.0;6.0;6.0;6;6.0;6.0;6.0;6.0;6.0;5.0;2.0;5;5;5;6;6.0;6.0;5;6.0;5.0;5.0;6.0;5.0;5.0;6.0;5.0;6.0;6.0;6.0;6;6.0;6;6.0;6.0;6.0;4.0;5.0;5.0;6.0;6.0;6.0;6.0;5.0;6.0;6.0;6.0;6.0;6.0;6.0;6;5;6;6;02b66fc6-2c21-433c-933a-7a1b27e19c55;bronze_nes;1kAqANsuEkq8AAAAAAAAAA==;dbs/1kAqAA==/colls/1kAqANsuEko=/docs/1kAqANsuEkq8AAAAAAAAAA==/;"""6f00f021-0000-4700-0000-6730a7cb0000""";attachments/;1731241931
138;117;Osasto A;AIKMEDMUU;16;Sairaanhoitaja, audionomi, terveydenhoitaja;1.0;3.0;3.0;4;4.0;3.0;;5;5.0;5.0;5.0;4.0;4.0;3.0;2.0;5;4;4;4;4.0;3.0;3;4.0;2.0;4.0;5.0;4.0;3.0;5.0;4.0;5.0;4.0;4.0;4;5.0;5;5.0;5.0;4.0;5.0;4.0;3.0;5.0;4.0;3.0;5.0;4.0;3.0;5.0;5.0;5.0;5.0;5.0;5;3;5;5;317cb627-36c2-4153-b9f2-cc8ec76c4cf5;bronze_nes;1kAqANsuEkq9AAAAAAAAAA==;dbs/1kAqAA==/colls/1kAqANsuEko=/docs/1kAqANsuEkq9AAAAAAAAAA==/;"""6f00f121-0000-4700-0000-6730a7cb0000""";attachments/;1731241931
139;117;Osasto A;AIKMEDMUU;16;Sairaanhoitaja, audionomi, terveydenhoitaja;2.0;3.0;3.0;4;4.0;5.0;4.0;6;6.0;6.0;6.0;4.0;3.0;5.0;1.0;4;4;4;4;2.0;3.0;3;2.0;1.0;5.0;6.0;5.0;3.0;4.0;6.0;2.0;4.0;5.0;4;6.0;5;5.0;6.0;3.0;4.0;3.0;2.0;5.0;4.0;4.0;6.0;3.0;3.0;6.0;5.0;5.0;5.0;6.0;4;4;6;6;0e75b944-0724-40b5-add2-08acf62758a0;bronze_nes;1kAqANsuEkq+AAAAAAAAAA==;dbs/1kAqAA==/colls/1kAqANsuEko=/docs/1kAqANsuEkq+AAAAAAAAAA==/;"""6f00f321-0000-4700-0000-6730a7cb0000""";attachments/;1731241931
140;117;Kirurgian- ja vatsatautien pkl;AIKPKLVAS;16;Sairaanhoitaja, audionomi, terveydenhoitaja;1.0;3.0;1.0;5;4.0;4.0;4.0;5;5.0;5.0;5.0;4.0;4.0;2.0;2.0;5;5;5;5;4.0;3.0;5;5.0;4.0;3.0;4.0;4.0;5.0;4.0;4.0;4.0;4.0;5.0;4;5.0;4;5.0;4.0;4.0;4.0;4.0;4.0;3.0;4.0;4.0;4.0;4.0;4.0;6.0;4.0;4.0;4.0;5.0;5;4;5;4;68d52f38-e2c8-495e-a6c5-0ef223408f5b;bronze_nes;1kAqANsuEkq-AAAAAAAAAA==;dbs/1kAqAA==/colls/1kAqANsuEko=/docs/1kAqANsuEkq-AAAAAAAAAA==/;"""6f00f421-0000-4700-0000-6730a7cc0000""";attachments/;1731241932
141;117;Ensihoito;ENSIHOITO;20;Ensihoitaja / vastaava ensihoitaja;1.0;3.0;3.0;4;5.0;5.0;2.0;5;5.0;;5.0;4.0;4.0;3.0;4.0;2;2;2;2;2.0;2.0;2;2.0;2.0;5.0;5.0;5.0;3.0;4.0;5.0;4.0;4.0;5.0;5;5.0;5;5.0;4.0;3.0;3.0;3.0;3.0;5.0;6.0;6.0;4.0;4.0;5.0;5.0;5.0;2.0;5.0;3.0;3;2;3;4;4e4ff758-27c8-4d91-9bc9-adeb4413d9a4;bronze_nes;1kAqANsuEkrAAAAAAAAAAA==;dbs/1kAqAA==/colls/1kAqANsuEko=/docs/1kAqANsuEkrAAAAAAAAAAA==/;"""6f00f521-0000-4700-0000-6730a7cc0000""";attachments/;1731241932
142;117;Ensihoito;ENSIHOITO;10;Lähihoitaja, perushoitaja, lvm-sairaankuljettaja, lääkintävahtimestari, kipsimestari;1.0;5.0;3.0;5;5.0;5.0;5.0;5;5.0;5.0;5.0;5.0;5.0;5.0;5.0;6;5;5;5;5.0;5.0;3;5.0;5.0;5.0;5.0;5.0;5.0;4.0;5.0;5.0;5.0;5.0;5;5.0;5;5.0;5.0;5.0;5.0;5.0;5.0;6.0;6.0;6.0;6.0;6.0;5.0;5.0;5.0;5.0;5.0;5.0;6;6;6;6;0339344f-d543-4601-a09a-15c61c3c661c;bronze_nes;1kAqANsuEkrBAAAAAAAAAA==;dbs/1kAqAA==/colls/1kAqANsuEko=/docs/1kAqANsuEkrBAAAAAAAAAA==/;"""6f00f621-0000-4700-0000-6730a7cc0000""";attachments/;1731241932
143;117;Osasto A;AIKMEDMUU;16;Sairaanhoitaja, audionomi, terveydenhoitaja;1.0;3.0;3.0;5;5.0;5.0;5.0;5;4.0;5.0;5.0;5.0;5.0;5.0;3.0;5;4;5;5;3.0;3.0;5;5.0;4.0;5.0;5.0;5.0;5.0;5.0;5.0;5.0;5.0;6.0;5;5.0;5;5.0;5.0;4.0;5.0;5.0;5.0;5.0;5.0;4.0;6.0;5.0;4.0;5.0;5.0;3.0;5.0;6.0;5;5;6;5;e9fcc938-1c33-4c72-ad9c-ac6993d31d7a;bronze_nes;1kAqANsuEkrCAAAAAAAAAA==;dbs/1kAqAA==/colls/1kAqANsuEko=/docs/1kAqANsuEkrCAAAAAAAAAA==/;"""6f00f721-0000-4700-0000-6730a7cc0000""";attachments/;1731241932
144;117;Leikkaus-anestesia;PERIOPAAM;16;Sairaanhoitaja, audionomi, terveydenhoitaja;2.0;3.0;1.0;2;5.0;5.0;5.0;5;6.0;6.0;6.0;5.0;4.0;2.0;5.0;5;5;5;5;4.0;4.0;4;4.0;5.0;4.0;5.0;5.0;5.0;6.0;5.0;4.0;5.0;3.0;4;5.0;5;6.0;5.0;5.0;6.0;5.0;5.0;5.0;5.0;5.0;6.0;6.0;5.0;5.0;5.0;5.0;5.0;6.0;5;5;6;6;9eee1299-0fe9-4e04-97e6-a4c458161eb8;bronze_nes;1kAqANsuEkrDAAAAAAAAAA==;dbs/1kAqAA==/colls/1kAqANsuEko=/docs/1kAqANsuEkrDAAAAAAAAAA==/;"""6f00f821-0000-4700-0000-6730a7cc0000""";attachments/;1731241932
145;117;Teho- ja valvontaosasto;AIKTEHOHO;16;Sairaanhoitaja, audionomi, terveydenhoitaja;1.0;3.0;3.0;6;5.0;6.0;5.0;6;5.0;6.0;6.0;5.0;5.0;5.0;4.0;5;6;6;6;4.0;4.0;5;5.0;4.0;4.0;5.0;5.0;5.0;5.0;5.0;5.0;5.0;5.0;6;6.0;5;6.0;6.0;5.0;5.0;4.0;5.0;6.0;5.0;5.0;3.0;5.0;4.0;6.0;5.0;6.0;5.0;6.0;6;5;6;6;c94e0f9c-3b54-4565-bc1f-660ea59bf9de;bronze_nes;1kAqANsuEkrEAAAAAAAAAA==;dbs/1kAqAA==/colls/1kAqANsuEko=/docs/1kAqANsuEkrEAAAAAAAAAA==/;"""6f00f921-0000-4700-0000-6730a7cc0000""";attachments/;1731241932
146;117;Päivystyspkl;EALAPSAIK;16;Sairaanhoitaja, audionomi, terveydenhoitaja;1.0;3.0;3.0;4;5.0;5.0;4.0;6;6.0;6.0;6.0;5.0;4.0;3.0;2.0;6;5;6;5;3.0;3.0;6;4.0;2.0;6.0;6.0;5.0;3.0;6.0;6.0;5.0;6.0;5.0;4;6.0;5;6.0;4.0;4.0;4.0;4.0;4.0;6.0;4.0;4.0;5.0;5.0;2.0;6.0;5.0;4.0;5.0;6.0;5;5;6;6;82e632a0-6dd4-49b2-92f2-6f131027bc10;bronze_nes;1kAqANsuEkrFAAAAAAAAAA==;dbs/1kAqAA==/colls/1kAqANsuEko=/docs/1kAqANsuEkrFAAAAAAAAAA==/;"""6f00fa21-0000-4700-0000-6730a7cc0000""";attachments/;1731241932
147;117;Osasto B;AIKKIRMUU;16;Sairaanhoitaja, audionomi, terveydenhoitaja;;3.0;3.0;5;4.0;4.0;3.0;5;5.0;5.0;6.0;4.0;5.0;4.0;3.0;5;5;5;5;5.0;4.0;4;5.0;4.0;4.0;5.0;5.0;2.0;3.0;4.0;3.0;3.0;5.0;5;5.0;5;5.0;5.0;5.0;5.0;5.0;5.0;5.0;3.0;3.0;5.0;3.0;3.0;5.0;4.0;5.0;5.0;6.0;4;4;5;5;5658112b-4193-475b-a6f7-5e99d18e087b;bronze_nes;1kAqANsuEkrGAAAAAAAAAA==;dbs/1kAqAA==/colls/1kAqANsuEko=/docs/1kAqANsuEkrGAAAAAAAAAA==/;"""6f00fb21-0000-4700-0000-6730a7cc0000""";attachments/;1731241932
148;117;Päivystyspkl;EALAPSAIK;16;Sairaanhoitaja, audionomi, terveydenhoitaja;2.0;3.0;3.0;3;4.0;4.0;4.0;6;5.0;5.0;5.0;4.0;5.0;3.0;1.0;4;4;4;4;1.0;1.0;3;2.0;1.0;4.0;4.0;4.0;1.0;5.0;5.0;4.0;5.0;5.0;5;5.0;3;5.0;5.0;4.0;5.0;4.0;4.0;5.0;4.0;4.0;5.0;3.0;4.0;5.0;5.0;4.0;4.0;5.0;5;3;4;4;8a371408-f02b-4120-a07f-cdabd8749acf;bronze_nes;1kAqANsuEkrHAAAAAAAAAA==;dbs/1kAqAA==/colls/1kAqANsuEko=/docs/1kAqANsuEkrHAAAAAAAAAA==/;"""6f00fc21-0000-4700-0000-6730a7cc0000""";attachments/;1731241932
149;117;Päivystyspkl;EALAPSAIK;16;Sairaanhoitaja, audionomi, terveydenhoitaja;1.0;3.0;3.0;4;5.0;3.0;4.0;6;5.0;6.0;4.0;5.0;5.0;3.0;4.0;6;5;4;5;3.0;3.0;2;3.0;2.0;5.0;6.0;4.0;4.0;6.0;6.0;5.0;6.0;6.0;3;6.0;4;5.0;5.0;5.0;3.0;2.0;2.0;6.0;6.0;6.0;6.0;3.0;1.0;6.0;4.0;3.0;5.0;6.0;6;4;6;5;784c2326-1992-4f70-a0b7-07cfd3c6bc44;bronze_nes;1kAqANsuEkrIAAAAAAAAAA==;dbs/1kAqAA==/colls/1kAqANsuEko=/docs/1kAqANsuEkrIAAAAAAAAAA==/;"""6f00fd21-0000-4700-0000-6730a7cc0000""";attachments/;1731241932
150;117;Sisätautien pkl;OSHOITAJA;25;Osastonhoitaja, tulosyksikköpäällikkö, palveluyksikköpäällikkö, palveluesihenkilö;1.0;2.0;1.0;5;6.0;5.0;3.0;6;6.0;;;5.0;6.0;6.0;2.0;6;6;6;6;6.0;4.0;5;5.0;4.0;;;5.0;5.0;5.0;;5.0;5.0;6.0;6;;5;4.0;5.0;6.0;5.0;5.0;5.0;6.0;;;3.0;5.0;5.0;5.0;5.0;6.0;;6.0;5;4;6;5;7b000b1d-13a0-4f84-b7da-66d68fdb39d5;bronze_nes;1kAqANsuEkrJAAAAAAAAAA==;dbs/1kAqAA==/colls/1kAqANsuEko=/docs/1kAqANsuEkrJAAAAAAAAAA==/;"""6f00fe21-0000-4700-0000-6730a7cc0000""";attachments/;1731241932
151;117;Silmätautien pkl;AIKPKLVAS;1;Apulaisosastonhoitaja, apulaispalveluesihenkilö;2.0;4.0;1.0;2;6.0;6.0;6.0;6;6.0;6.0;6.0;5.0;;4.0;4.0;6;6;6;6;6.0;5.0;5;4.0;4.0;4.0;5.0;6.0;5.0;6.0;4.0;5.0;4.0;5.0;6;6.0;6;5.0;5.0;6.0;6.0;5.0;5.0;5.0;5.0;5.0;6.0;5.0;4.0;6.0;6.0;6.0;6.0;6.0;5;5;5;5;35590226-c539-442f-8c97-7b5d3830d91c;bronze_nes;1kAqANsuEkrKAAAAAAAAAA==;dbs/1kAqAA==/colls/1kAqANsuEko=/docs/1kAqANsuEkrKAAAAAAAAAA==/;"""6f000022-0000-4700-0000-6730a7cc0000""";attachments/;1731241932
152;117;Kirurgian- ja vatsatautien pkl;AIKPKLVAS;16;Sairaanhoitaja, audionomi, terveydenhoitaja;1.0;3.0;1.0;5;4.0;5.0;3.0;6;6.0;6.0;6.0;5.0;5.0;4.0;5.0;5;5;5;5;5.0;3.0;3;3.0;3.0;5.0;6.0;5.0;3.0;4.0;4.0;4.0;4.0;5.0;4;6.0;4;5.0;5.0;5.0;4.0;5.0;4.0;5.0;5.0;5.0;5.0;5.0;4.0;6.0;5.0;6.0;5.0;5.0;4;5;5;5;92b89da3-8078-4304-b01b-fd35fafddecd;bronze_nes;1kAqANsuEkrLAAAAAAAAAA==;dbs/1kAqAA==/colls/1kAqANsuEko=/docs/1kAqANsuEkrLAAAAAAAAAA==/;"""6f000122-0000-4700-0000-6730a7cc0000""";attachments/;1731241932
153;117;Neurologian pkl;AIKPKLVAS;16;Sairaanhoitaja, audionomi, terveydenhoitaja;1.0;4.0;1.0;5;5.0;5.0;4.0;6;5.0;5.0;6.0;6.0;5.0;4.0;2.0;5;5;5;6;5.0;4.0;4;5.0;4.0;6.0;4.0;5.0;4.0;5.0;5.0;5.0;6.0;5.0;5;6.0;5;5.0;5.0;3.0;4.0;4.0;4.0;6.0;4.0;3.0;5.0;4.0;5.0;6.0;5.0;6.0;6.0;5.0;5;4;6;6;29d8970d-c735-455c-a6e9-b3a8a773bda1;bronze_nes;1kAqANsuEkrMAAAAAAAAAA==;dbs/1kAqAA==/colls/1kAqANsuEko=/docs/1kAqANsuEkrMAAAAAAAAAA==/;"""6f000222-0000-4700-0000-6730a7cc0000""";attachments/;1731241932
154;117;Hengityshalvausyksikkö;AIKMEDKOT;10;Lähihoitaja, perushoitaja, lvm-sairaankuljettaja, lääkintävahtimestari, kipsimestari;1.0;5.0;3.0;3;4.0;5.0;5.0;6;6.0;6.0;6.0;6.0;6.0;6.0;6.0;6;6;6;6;5.0;5.0;4;5.0;5.0;6.0;6.0;6.0;5.0;4.0;4.0;4.0;5.0;5.0;6;6.0;5;6.0;6.0;5.0;4.0;5.0;3.0;6.0;6.0;6.0;6.0;5.0;5.0;6.0;6.0;5.0;5.0;6.0;5;5;5;5;8504a794-09c5-45e9-b055-fadaebc85244;bronze_nes;1kAqANsuEkrNAAAAAAAAAA==;dbs/1kAqAA==/colls/1kAqANsuEko=/docs/1kAqANsuEkrNAAAAAAAAAA==/;"""6f000322-0000-4700-0000-6730a7cd0000""";attachments/;1731241933
155;117;Sisätautien pkl;AIKPKLVAS;16;Sairaanhoitaja, audionomi, terveydenhoitaja;1.0;4.0;1.0;6;5.0;5.0;5.0;6;5.0;5.0;5.0;5.0;4.0;4.0;5.0;5;5;5;5;5.0;4.0;5;5.0;4.0;4.0;5.0;5.0;5.0;5.0;4.0;5.0;5.0;5.0;5;5.0;5;5.0;5.0;4.0;4.0;5.0;4.0;5.0;5.0;5.0;5.0;3.0;4.0;5.0;4.0;5.0;5.0;5.0;5;4;5;5;769a2211-d74f-401c-a0cc-c3b3810f8c7c;bronze_nes;1kAqANsuEkrOAAAAAAAAAA==;dbs/1kAqAA==/colls/1kAqANsuEko=/docs/1kAqANsuEkrOAAAAAAAAAA==/;"""6f000422-0000-4700-0000-6730a7cd0000""";attachments/;1731241933
156;117;Geriatrian pkl;AIKPKLVAS;10;Muistihoitaja, muistikoordinaattori;2.0;5.0;1.0;6;5.0;5.0;5.0;6;5.0;5.0;5.0;4.0;6.0;1.0;1.0;6;6;6;6;5.0;4.0;5;5.0;5.0;4.0;5.0;5.0;5.0;6.0;5.0;6.0;5.0;5.0;5;4.0;5;4.0;5.0;5.0;4.0;5.0;5.0;6.0;6.0;5.0;6.0;4.0;3.0;6.0;5.0;6.0;6.0;6.0;5;5;6;5;d7e612df-a793-408a-b9b6-c7491ea98edf;bronze_nes;1kAqANsuEkrPAAAAAAAAAA==;dbs/1kAqAA==/colls/1kAqANsuEko=/docs/1kAqANsuEkrPAAAAAAAAAA==/;"""6f000522-0000-4700-0000-6730a7cd0000""";attachments/;1731241933
157;117;Sisätautien pkl;AIKPKLVAS;16;Sairaanhoitaja, audionomi, terveydenhoitaja;1.0;4.0;1.0;6;5.0;6.0;5.0;5;4.0;4.0;6.0;5.0;4.0;1.0;3.0;5;5;5;5;5.0;5.0;3;5.0;2.0;6.0;6.0;5.0;4.0;5.0;5.0;6.0;3.0;5.0;2;6.0;3;4.0;6.0;3.0;3.0;5.0;4.0;6.0;3.0;3.0;6.0;4.0;3.0;5.0;2.0;4.0;6.0;5.0;5;4;5;4;d84b164e-69a2-493b-992e-0757d36d026a;bronze_nes;1kAqANsuEkrQAAAAAAAAAA==;dbs/1kAqAA==/colls/1kAqANsuEko=/docs/1kAqANsuEkrQAAAAAAAAAA==/;"""6f000622-0000-4700-0000-6730a7cd0000""";attachments/;1731241933
158;117;Sisätautien pkl;AIKPKLVAS;16;Sairaanhoitaja, audionomi, terveydenhoitaja;1.0;3.0;1.0;5;5.0;4.0;5.0;6;5.0;5.0;5.0;4.0;5.0;2.0;2.0;5;5;5;6;5.0;3.0;5;5.0;4.0;4.0;5.0;6.0;4.0;5.0;5.0;5.0;5.0;5.0;4;5.0;5;5.0;5.0;3.0;4.0;4.0;2.0;5.0;4.0;4.0;4.0;5.0;5.0;6.0;6.0;5.0;6.0;6.0;5;4;5;4;ecb14145-467b-4463-b2da-bd63ed2b8b09;bronze_nes;1kAqANsuEkrRAAAAAAAAAA==;dbs/1kAqAA==/colls/1kAqANsuEko=/docs/1kAqANsuEkrRAAAAAAAAAA==/;"""6f000722-0000-4700-0000-6730a7cd0000""";attachments/;1731241933
159;117;Päivystyspkl;EALAPSAIK;16;Sairaanhoitaja, audionomi, terveydenhoitaja;1.0;3.0;3.0;4;3.0;2.0;2.0;6;6.0;6.0;6.0;4.0;4.0;5.0;4.0;5;3;6;5;2.0;2.0;3;6.0;2.0;2.0;6.0;4.0;1.0;3.0;5.0;3.0;5.0;6.0;4;6.0;4;6.0;6.0;5.0;4.0;4.0;3.0;6.0;5.0;5.0;4.0;1.0;5.0;6.0;5.0;4.0;6.0;6.0;4;3;4;4;14a83e80-8ca1-4e0a-992b-e750c85242f0;bronze_nes;1kAqANsuEkrSAAAAAAAAAA==;dbs/1kAqAA==/colls/1kAqANsuEko=/docs/1kAqANsuEkrSAAAAAAAAAA==/;"""6f000822-0000-4700-0000-6730a7cd0000""";attachments/;1731241933
160;117;Osasto B;AIKKIRMUU;16;Sairaanhoitaja, audionomi, terveydenhoitaja;1.0;3.0;3.0;4;5.0;4.0;4.0;5;4.0;6.0;6.0;2.0;4.0;2.0;2.0;6;4;5;5;1.0;4.0;4;3.0;3.0;5.0;4.0;4.0;2.0;2.0;4.0;2.0;5.0;5.0;3;5.0;3;5.0;5.0;3.0;4.0;5.0;4.0;4.0;3.0;2.0;1.0;4.0;4.0;5.0;4.0;3.0;6.0;6.0;4;2;5;5;4adc2116-3544-4e38-b2f2-94e58a099348;bronze_nes;1kAqANsuEkrTAAAAAAAAAA==;dbs/1kAqAA==/colls/1kAqANsuEko=/docs/1kAqANsuEkrTAAAAAAAAAA==/;"""6f000922-0000-4700-0000-6730a7cd0000""";attachments/;1731241933
161;117;Päivystyspkl;EALAPSAIK;16;Sairaanhoitaja, audionomi, terveydenhoitaja;1.0;3.0;3.0;4;5.0;5.0;5.0;6;6.0;6.0;6.0;2.0;4.0;4.0;3.0;3;4;4;3;2.0;2.0;4;4.0;4.0;5.0;5.0;4.0;3.0;5.0;5.0;4.0;5.0;5.0;5;5.0;4;5.0;5.0;6.0;6.0;5.0;5.0;5.0;5.0;5.0;4.0;4.0;4.0;5.0;4.0;2.0;5.0;5.0;6;5;5;5;f5cb9782-18a2-4d03-9a9e-e54b85a394ab;bronze_nes;1kAqANsuEkrUAAAAAAAAAA==;dbs/1kAqAA==/colls/1kAqANsuEko=/docs/1kAqANsuEkrUAAAAAAAAAA==/;"""6f000a22-0000-4700-0000-6730a7cd0000""";attachments/;1731241933
162;117;Osasto A;AIKMEDMUU;10;Lähihoitaja, perushoitaja, lvm-sairaankuljettaja, lääkintävahtimestari, kipsimestari;1.0;5.0;2.0;6;3.0;5.0;4.0;4;4.0;5.0;6.0;4.0;3.0;5.0;3.0;4;4;4;4;4.0;3.0;5;5.0;5.0;4.0;5.0;5.0;3.0;5.0;3.0;5.0;3.0;4.0;4;5.0;4;5.0;5.0;4.0;4.0;4.0;4.0;5.0;4.0;3.0;4.0;5.0;3.0;5.0;5.0;4.0;4.0;4.0;4;3;1;3;a9057de3-3113-434a-849c-79c8a80cef02;bronze_nes;1kAqANsuEkrVAAAAAAAAAA==;dbs/1kAqAA==/colls/1kAqANsuEko=/docs/1kAqANsuEkrVAAAAAAAAAA==/;"""6f000c22-0000-4700-0000-6730a7cd0000""";attachments/;1731241933
163;117;Päivystyspkl;EALAPSAIK;16;Sairaanhoitaja, audionomi, terveydenhoitaja;2.0;3.0;3.0;3;5.0;4.0;5.0;6;5.0;6.0;6.0;4.0;3.0;3.0;2.0;5;5;5;5;3.0;;4;4.0;3.0;5.0;6.0;5.0;4.0;5.0;5.0;6.0;5.0;4.0;5;6.0;5;5.0;5.0;4.0;4.0;4.0;5.0;6.0;5.0;5.0;6.0;4.0;3.0;6.0;4.0;6.0;6.0;5.0;5;5;5;5;90c9210a-b972-4896-8417-1b24f895a895;bronze_nes;1kAqANsuEkrWAAAAAAAAAA==;dbs/1kAqAA==/colls/1kAqANsuEko=/docs/1kAqANsuEkrWAAAAAAAAAA==/;"""6f000d22-0000-4700-0000-6730a7cd0000""";attachments/;1731241933
164;117;Osasto A;AIKMEDMUU;16;Sairaanhoitaja, audionomi, terveydenhoitaja;1.0;4.0;2.0;6;4.0;5.0;5.0;5;4.0;4.0;5.0;5.0;4.0;6.0;4.0;4;4;5;5;4.0;4.0;5;5.0;5.0;4.0;5.0;4.0;5.0;6.0;5.0;5.0;4.0;4.0;5;5.0;5;4.0;5.0;4.0;5.0;4.0;4.0;5.0;5.0;5.0;6.0;5.0;4.0;6.0;5.0;4.0;5.0;6.0;5;5;6;5;63a1341c-daa2-426c-8a9d-8797ecec1a72;bronze_nes;1kAqANsuEkrXAAAAAAAAAA==;dbs/1kAqAA==/colls/1kAqANsuEko=/docs/1kAqANsuEkrXAAAAAAAAAA==/;"""6f000e22-0000-4700-0000-6730a7cd0000""";attachments/;1731241933
165;117;Osasto A;AIKMEDMUU;16;Sairaanhoitaja, audionomi, terveydenhoitaja;1.0;3.0;2.0;5;5.0;5.0;2.0;3;5.0;6.0;6.0;3.0;4.0;2.0;1.0;4;3;4;5;2.0;3.0;3;4.0;2.0;5.0;5.0;4.0;1.0;6.0;6.0;6.0;5.0;5.0;4;4.0;5;4.0;6.0;5.0;4.0;4.0;4.0;5.0;5.0;4.0;5.0;2.0;3.0;6.0;5.0;5.0;6.0;4.0;3;3;3;3;f5ca8e14-0e11-43ba-adeb-523fe5c6584d;bronze_nes;1kAqANsuEkrYAAAAAAAAAA==;dbs/1kAqAA==/colls/1kAqANsuEko=/docs/1kAqANsuEkrYAAAAAAAAAA==/;"""6f000f22-0000-4700-0000-6730a7cd0000""";attachments/;1731241933
166;117;Päivystyspkl;EALAPSAIK;16;Sairaanhoitaja, audionomi, terveydenhoitaja;1.0;3.0;2.0;6;2.0;5.0;1.0;4;3.0;5.0;6.0;1.0;1.0;3.0;2.0;1;2;1;2;1.0;1.0;1;1.0;1.0;5.0;5.0;1.0;2.0;4.0;5.0;1.0;3.0;1.0;1;5.0;1;4.0;2.0;1.0;4.0;2.0;2.0;3.0;3.0;3.0;4.0;2.0;1.0;4.0;3.0;3.0;6.0;6.0;2;1;2;6;f42096a5-a89b-43ef-8c16-c7fe164c92f2;bronze_nes;1kAqANsuEkrZAAAAAAAAAA==;dbs/1kAqAA==/colls/1kAqANsuEko=/docs/1kAqANsuEkrZAAAAAAAAAA==/;"""6f001022-0000-4700-0000-6730a7cd0000""";attachments/;1731241933
167;117;Osasto A;AIKMEDMUU;16;Sairaanhoitaja, audionomi, terveydenhoitaja;1.0;3.0;3.0;6;3.0;3.0;4.0;5;5.0;5.0;6.0;3.0;4.0;2.0;1.0;4;4;4;4;4.0;3.0;4;5.0;3.0;4.0;5.0;5.0;4.0;6.0;6.0;5.0;6.0;6.0;4;5.0;5;5.0;5.0;4.0;3.0;4.0;4.0;5.0;6.0;5.0;5.0;5.0;5.0;5.0;5.0;5.0;6.0;6.0;5;4;5;5;c7e36930-1ef2-4389-a992-83a205cf586b;bronze_nes;1kAqANsuEkraAAAAAAAAAA==;dbs/1kAqAA==/colls/1kAqANsuEko=/docs/1kAqANsuEkraAAAAAAAAAA==/;"""6f001122-0000-4700-0000-6730a7cd0000""";attachments/;1731241933
168;117;Osasto B;AIKKIRMUU;16;Sairaanhoitaja, audionomi, terveydenhoitaja;1.0;3.0;3.0;5;;5.0;4.0;6;5.0;5.0;6.0;5.0;6.0;5.0;2.0;6;5;6;5;6.0;4.0;6;5.0;5.0;5.0;6.0;6.0;5.0;;;;;5.0;6;6.0;6;6.0;5.0;5.0;4.0;6.0;4.0;6.0;5.0;5.0;5.0;3.0;5.0;6.0;6.0;6.0;6.0;6.0;5;5;6;6;d10b8e67-8c70-456a-9105-025f34353f1a;bronze_nes;1kAqANsuEkrbAAAAAAAAAA==;dbs/1kAqAA==/colls/1kAqANsuEko=/docs/1kAqANsuEkrbAAAAAAAAAA==/;"""6f001222-0000-4700-0000-6730a7ce0000""";attachments/;1731241934
169;117;Ensihoito;ENSIHOITO;20;Ensihoitaja / vastaava ensihoitaja;1.0;3.0;3.0;5;2.0;3.0;1.0;6;6.0;6.0;6.0;2.0;1.0;4.0;1.0;1;1;1;1;2.0;1.0;2;2.0;2.0;6.0;6.0;6.0;1.0;3.0;6.0;1.0;5.0;6.0;6;5.0;1;5.0;4.0;2.0;4.0;2.0;2.0;6.0;6.0;6.0;1.0;4.0;1.0;6.0;4.0;2.0;6.0;6.0;1;1;4;5;b29e0927-a8d0-4405-be9d-af913009e2ee;bronze_nes;1kAqANsuEkrcAAAAAAAAAA==;dbs/1kAqAA==/colls/1kAqANsuEko=/docs/1kAqANsuEkrcAAAAAAAAAA==/;"""6f001322-0000-4700-0000-6730a7ce0000""";attachments/;1731241934
170;117;Hengityshalvausyksikkö;AIKMEDKOT;10;Lähihoitaja, perushoitaja, lvm-sairaankuljettaja, lääkintävahtimestari, kipsimestari;1.0;5.0;3.0;6;4.0;5.0;4.0;2;4.0;4.0;5.0;2.0;1.0;6.0;1.0;5;4;4;5;4.0;2.0;1;2.0;5.0;3.0;5.0;3.0;2.0;5.0;5.0;1.0;6.0;6.0;1;5.0;1;1.0;6.0;1.0;1.0;4.0;3.0;6.0;6.0;6.0;3.0;3.0;5.0;2.0;2.0;5.0;1.0;4.0;1;3;4;6;556c41c4-5afa-465c-b6fc-7ac1da66e05b;bronze_nes;1kAqANsuEkrdAAAAAAAAAA==;dbs/1kAqAA==/colls/1kAqANsuEko=/docs/1kAqANsuEkrdAAAAAAAAAA==/;"""6f001422-0000-4700-0000-6730a7ce0000""";attachments/;1731241934
171;117;Päiväsairaala, lääkehoidot, dialyysi, koronaariangio;MUUTMPPKL;16;Sairaanhoitaja, audionomi, terveydenhoitaja;1.0;3.0;1.0;6;5.0;5.0;5.0;5;4.0;4.0;5.0;5.0;5.0;3.0;4.0;5;5;5;5;1.0;4.0;5;5.0;3.0;4.0;5.0;5.0;4.0;5.0;4.0;3.0;3.0;4.0;4;5.0;3;4.0;5.0;5.0;4.0;5.0;5.0;5.0;5.0;4.0;5.0;5.0;3.0;5.0;5.0;5.0;5.0;5.0;4;5;4;5;7446c726-c63a-45b4-a782-748679c07300;bronze_nes;1kAqANsuEkreAAAAAAAAAA==;dbs/1kAqAA==/colls/1kAqANsuEko=/docs/1kAqANsuEkreAAAAAAAAAA==/;"""6f001522-0000-4700-0000-6730a7ce0000""";attachments/;1731241934
172;117;Leikkaus-anestesia;PERIOPAAM;1;Apulaisosastonhoitaja, apulaispalveluesihenkilö;1.0;2.0;1.0;6;4.0;5.0;4.0;6;5.0;5.0;5.0;4.0;5.0;5.0;5.0;5;6;6;5;5.0;4.0;5;4.0;4.0;5.0;5.0;5.0;5.0;4.0;5.0;4.0;4.0;6.0;3;6.0;5;6.0;5.0;4.0;6.0;6.0;3.0;5.0;6.0;5.0;5.0;4.0;5.0;6.0;4.0;5.0;6.0;6.0;6;6;6;6;faf6a8ab-5278-480a-8d03-f6a8df0fbe40;bronze_nes;1kAqANsuEkrfAAAAAAAAAA==;dbs/1kAqAA==/colls/1kAqANsuEko=/docs/1kAqANsuEkrfAAAAAAAAAA==/;"""6f001622-0000-4700-0000-6730a7ce0000""";attachments/;1731241934
173;117;Kirurgian- ja vatsatautien pkl;OSHOITAJA;25;Osastonhoitaja, tulosyksikköpäällikkö, palveluyksikköpäällikkö, palveluesihenkilö;1.0;2.0;1.0;5;5.0;5.0;5.0;6;5.0;5.0;5.0;5.0;5.0;5.0;4.0;5;5;5;5;5.0;5.0;5;5.0;5.0;4.0;5.0;6.0;5.0;5.0;5.0;5.0;4.0;5.0;5;6.0;5;5.0;5.0;5.0;5.0;6.0;5.0;5.0;5.0;5.0;5.0;5.0;4.0;6.0;5.0;6.0;5.0;6.0;6;5;6;6;5d2d6cc3-4dd0-490a-8a95-f3465d8240f6;bronze_nes;1kAqANsuEkrgAAAAAAAAAA==;dbs/1kAqAA==/colls/1kAqANsuEko=/docs/1kAqANsuEkrgAAAAAAAAAA==/;"""6f001722-0000-4700-0000-6730a7ce0000""";attachments/;1731241934
174;117;Leikkaus-anestesia;PERIOPAAM;16;Sairaanhoitaja, audionomi, terveydenhoitaja;1.0;3.0;3.0;4;5.0;4.0;5.0;6;5.0;6.0;5.0;5.0;4.0;3.0;2.0;5;5;6;5;4.0;4.0;4;4.0;3.0;3.0;4.0;5.0;4.0;3.0;4.0;6.0;4.0;5.0;6;6.0;4;5.0;5.0;5.0;4.0;6.0;4.0;3.0;3.0;3.0;5.0;4.0;3.0;5.0;3.0;4.0;4.0;5.0;4;3;5;5;bd2435cb-62a2-40c6-b1dd-cdfd1717bfb9;bronze_nes;1kAqANsuEkrhAAAAAAAAAA==;dbs/1kAqAA==/colls/1kAqANsuEko=/docs/1kAqANsuEkrhAAAAAAAAAA==/;"""6f001822-0000-4700-0000-6730a7ce0000""";attachments/;1731241934
175;117;Osasto A;AIKMEDMUU;16;Sairaanhoitaja, audionomi, terveydenhoitaja;1.0;3.0;3.0;4;4.0;4.0;3.0;5;5.0;5.0;6.0;4.0;2.0;4.0;1.0;4;4;5;5;3.0;3.0;2;3.0;1.0;5.0;6.0;5.0;3.0;5.0;5.0;5.0;5.0;5.0;4;5.0;5;5.0;5.0;3.0;4.0;4.0;3.0;5.0;4.0;3.0;1.0;3.0;3.0;6.0;4.0;4.0;5.0;5.0;5;4;5;5;b0bea483-e6e6-4d83-94ec-6aa4ffadd8f3;bronze_nes;1kAqANsuEkriAAAAAAAAAA==;dbs/1kAqAA==/colls/1kAqANsuEko=/docs/1kAqANsuEkriAAAAAAAAAA==/;"""6f001922-0000-4700-0000-6730a7ce0000""";attachments/;1731241934
176;117;Leikkaus-anestesia;PERIOPAAM;16;Sairaanhoitaja, audionomi, terveydenhoitaja;1.0;4.0;2.0;6;4.0;2.0;4.0;3;4.0;5.0;5.0;2.0;2.0;1.0;1.0;2;2;2;3;1.0;3.0;4;3.0;1.0;2.0;1.0;3.0;3.0;5.0;4.0;3.0;5.0;4.0;2;5.0;3;4.0;6.0;2.0;1.0;4.0;2.0;5.0;4.0;4.0;5.0;4.0;3.0;5.0;5.0;5.0;5.0;4.0;2;2;1;4;814e2063-92f9-4de6-90dd-af4f816e4c1c;bronze_nes;1kAqANsuEkrjAAAAAAAAAA==;dbs/1kAqAA==/colls/1kAqANsuEko=/docs/1kAqANsuEkrjAAAAAAAAAA==/;"""6f001a22-0000-4700-0000-6730a7ce0000""";attachments/;1731241934
177;117;Geriatrian pkl;AIKPKLVAS;16;Sairaanhoitaja, audionomi, terveydenhoitaja;2.0;3.0;1.0;3;5.0;5.0;4.0;6;6.0;6.0;6.0;5.0;4.0;2.0;1.0;6;5;5;5;2.0;3.0;3;4.0;2.0;4.0;6.0;5.0;3.0;5.0;4.0;6.0;4.0;4.0;5;6.0;5;5.0;5.0;4.0;6.0;5.0;5.0;5.0;5.0;5.0;6.0;4.0;3.0;6.0;5.0;5.0;6.0;6.0;5;4;4;5;f76e456e-fdf5-44db-ba3c-a4babc6fbd8f;bronze_nes;1kAqANsuEkrkAAAAAAAAAA==;dbs/1kAqAA==/colls/1kAqANsuEko=/docs/1kAqANsuEkrkAAAAAAAAAA==/;"""6f001b22-0000-4700-0000-6730a7ce0000""";attachments/;1731241934
178;117;Osasto A;AIKMEDMUU;16;Sairaanhoitaja, audionomi, terveydenhoitaja;1.0;3.0;3.0;4;5.0;5.0;4.0;6;5.0;6.0;6.0;3.0;4.0;4.0;1.0;5;4;5;5;3.0;2.0;4;5.0;3.0;5.0;5.0;5.0;2.0;4.0;4.0;5.0;2.0;4.0;6;6.0;4;5.0;5.0;2.0;5.0;4.0;1.0;4.0;6.0;5.0;6.0;3.0;4.0;5.0;3.0;5.0;5.0;6.0;4;4;5;5;9cbe1716-3e3c-46a3-ad99-025db154618b;bronze_nes;1kAqANsuEkrlAAAAAAAAAA==;dbs/1kAqAA==/colls/1kAqANsuEko=/docs/1kAqANsuEkrlAAAAAAAAAA==/;"""6f001c22-0000-4700-0000-6730a7ce0000""";attachments/;1731241934
179;117;Teho- ja valvontaosasto;AIKTEHOHO;16;Sairaanhoitaja, audionomi, terveydenhoitaja;1.0;3.0;3.0;5;5.0;5.0;5.0;6;6.0;6.0;6.0;6.0;6.0;6.0;1.0;6;6;6;6;6.0;;6;6.0;6.0;6.0;6.0;6.0;6.0;5.0;6.0;5.0;6.0;6.0;6;6.0;6;6.0;6.0;6.0;5.0;6.0;6.0;6.0;6.0;6.0;6.0;6.0;5.0;6.0;6.0;6.0;6.0;6.0;6;6;6;6;df501a52-8ca1-44a9-8324-025436c23d8a;bronze_nes;1kAqANsuEkrmAAAAAAAAAA==;dbs/1kAqAA==/colls/1kAqANsuEko=/docs/1kAqANsuEkrmAAAAAAAAAA==/;"""6f001d22-0000-4700-0000-6730a7ce0000""";attachments/;1731241934
180;117;Teho- ja valvontaosasto;AIKTEHOHO;16;Sairaanhoitaja, audionomi, terveydenhoitaja;2.0;3.0;3.0;1;5.0;5.0;5.0;6;6.0;6.0;6.0;6.0;5.0;5.0;5.0;6;6;6;6;6.0;5.0;5;5.0;5.0;4.0;5.0;5.0;5.0;6.0;5.0;6.0;5.0;5.0;5;5.0;5;5.0;5.0;5.0;5.0;5.0;5.0;5.0;5.0;5.0;5.0;5.0;5.0;5.0;5.0;5.0;5.0;5.0;5;5;5;5;1a83929f-1ed6-42d7-98a9-ada7ca9cf001;bronze_nes;1kAqANsuEkrnAAAAAAAAAA==;dbs/1kAqAA==/colls/1kAqANsuEko=/docs/1kAqANsuEkrnAAAAAAAAAA==/;"""6f001e22-0000-4700-0000-6730a7ce0000""";attachments/;1731241934
181;117;Korva, nenä- ja  kurkkutautien pkl;AIKPKLVAS;16;Sairaanhoitaja, audionomi, terveydenhoitaja;1.0;3.0;1.0;6;5.0;6.0;4.0;5;5.0;6.0;6.0;5.0;4.0;3.0;3.0;3;3;4;4;5.0;5.0;2;2.0;1.0;4.0;5.0;5.0;5.0;5.0;5.0;3.0;6.0;6.0;6;5.0;4;6.0;6.0;4.0;5.0;4.0;4.0;6.0;4.0;4.0;6.0;4.0;4.0;6.0;6.0;5.0;6.0;6.0;4;5;5;5;1c92eb98-521b-49cc-a056-3ff4236d08b8;bronze_nes;1kAqANsuEkroAAAAAAAAAA==;dbs/1kAqAA==/colls/1kAqANsuEko=/docs/1kAqANsuEkroAAAAAAAAAA==/;"""6f001f22-0000-4700-0000-6730a7ce0000""";attachments/;1731241934
182;117;Päivystyspkl;EALAPSAIK;16;Sairaanhoitaja, audionomi, terveydenhoitaja;1.0;3.0;3.0;5;3.0;4.0;3.0;5;4.0;5.0;4.0;2.0;3.0;1.0;1.0;4;4;3;4;2.0;2.0;4;5.0;3.0;4.0;4.0;2.0;2.0;5.0;5.0;3.0;5.0;4.0;4;3.0;2;3.0;3.0;3.0;3.0;2.0;2.0;4.0;4.0;3.0;3.0;2.0;2.0;4.0;3.0;3.0;4.0;4.0;3;2;2;3;49dfa215-f512-4f94-ab5c-8df15f0f3d7c;bronze_nes;1kAqANsuEkrpAAAAAAAAAA==;dbs/1kAqAA==/colls/1kAqANsuEko=/docs/1kAqANsuEkrpAAAAAAAAAA==/;"""6f002022-0000-4700-0000-6730a7ce0000""";attachments/;1731241934
183;117;Ensihoito;ENSIHOITO;20;Ensihoitaja / vastaava ensihoitaja;1.0;3.0;3.0;4;2.0;4.0;1.0;5;5.0;6.0;6.0;1.0;3.0;1.0;1.0;4;2;2;3;1.0;1.0;3;3.0;1.0;4.0;5.0;5.0;1.0;4.0;5.0;2.0;4.0;4.0;5;4.0;2;5.0;4.0;3.0;3.0;2.0;1.0;6.0;6.0;6.0;5.0;2.0;5.0;5.0;4.0;1.0;5.0;5.0;1;1;2;4;735afb1d-4328-4f87-b316-9a546859cb91;bronze_nes;1kAqANsuEkrqAAAAAAAAAA==;dbs/1kAqAA==/colls/1kAqANsuEko=/docs/1kAqANsuEkrqAAAAAAAAAA==/;"""6f002122-0000-4700-0000-6730a7ce0000""";attachments/;1731241934
184;117;Osasto A;AIKMEDMUU;16;Sairaanhoitaja, audionomi, terveydenhoitaja;1.0;3.0;3.0;5;4.0;4.0;4.0;6;5.0;5.0;6.0;6.0;6.0;5.0;1.0;6;6;6;6;4.0;4.0;5;5.0;4.0;4.0;5.0;6.0;5.0;5.0;5.0;5.0;3.0;3.0;4;6.0;5;6.0;6.0;5.0;5.0;6.0;5.0;5.0;5.0;5.0;4.0;4.0;4.0;6.0;5.0;5.0;6.0;6.0;6;5;5;5;8f2b95e2-a303-4f73-a662-b49d2f1bdbb5;bronze_nes;1kAqANsuEkrrAAAAAAAAAA==;dbs/1kAqAA==/colls/1kAqANsuEko=/docs/1kAqANsuEkrrAAAAAAAAAA==/;"""6f002222-0000-4700-0000-6730a7cf0000""";attachments/;1731241935
185;117;Ensihoito;ENSIHOITO;20;Ensihoitaja / vastaava ensihoitaja;1.0;3.0;;4;4.0;5.0;4.0;4;4.0;5.0;4.0;3.0;2.0;1.0;1.0;2;2;2;2;2.0;2.0;2;2.0;2.0;4.0;5.0;3.0;2.0;3.0;4.0;1.0;1.0;4.0;4;3.0;2;3.0;4.0;2.0;1.0;1.0;1.0;4.0;5.0;5.0;3.0;3.0;3.0;5.0;3.0;1.0;4.0;4.0;3;3;2;4;c3d33147-0c8f-4cc1-b111-47aa042017c8;bronze_nes;1kAqANsuEkrsAAAAAAAAAA==;dbs/1kAqAA==/colls/1kAqANsuEko=/docs/1kAqANsuEkrsAAAAAAAAAA==/;"""6f002322-0000-4700-0000-6730a7cf0000""";attachments/;1731241935
186;117;Päivystyspkl;EALAPSAIK;16;Sairaanhoitaja, audionomi, terveydenhoitaja;2.0;3.0;3.0;3;5.0;5.0;5.0;6;6.0;6.0;6.0;6.0;6.0;6.0;4.0;6;6;6;6;5.0;6.0;6;5.0;5.0;5.0;6.0;6.0;6.0;5.0;6.0;6.0;6.0;4.0;5;6.0;5;6.0;6.0;4.0;6.0;5.0;5.0;6.0;5.0;5.0;6.0;5.0;4.0;6.0;5.0;5.0;6.0;6.0;6;6;6;6;07d4ab60-5572-4b08-8267-1c4a8ad4e21a;bronze_nes;1kAqANsuEkrtAAAAAAAAAA==;dbs/1kAqAA==/colls/1kAqANsuEko=/docs/1kAqANsuEkrtAAAAAAAAAA==/;"""6f002522-0000-4700-0000-6730a7cf0000""";attachments/;1731241935
187;117;Leikkaus-anestesia;PERIOPAAM;16;Sairaanhoitaja, audionomi, terveydenhoitaja;1.0;4.0;3.0;5;4.0;5.0;5.0;6;4.0;5.0;6.0;4.0;3.0;4.0;4.0;3;3;6;5;3.0;4.0;4;5.0;2.0;5.0;4.0;5.0;5.0;4.0;2.0;5.0;2.0;4.0;5;6.0;4;4.0;5.0;5.0;4.0;6.0;5.0;6.0;6.0;6.0;6.0;5.0;4.0;5.0;5.0;5.0;6.0;6.0;5;5;5;6;14f9bc5c-1d3a-415d-b2b5-70e4bf50c221;bronze_nes;1kAqANsuEkruAAAAAAAAAA==;dbs/1kAqAA==/colls/1kAqANsuEko=/docs/1kAqANsuEkruAAAAAAAAAA==/;"""6f002722-0000-4700-0000-6730a7cf0000""";attachments/;1731241935
188;117;Silmätautien pkl;AIKPKLVAS;16;Sairaanhoitaja, audionomi, terveydenhoitaja;1.0;3.0;1.0;5;5.0;5.0;5.0;5;5.0;5.0;5.0;5.0;5.0;5.0;4.0;4;5;5;5;4.0;5.0;5;5.0;5.0;5.0;5.0;5.0;4.0;5.0;5.0;6.0;5.0;5.0;5;4.0;4;5.0;5.0;5.0;5.0;5.0;5.0;4.0;4.0;4.0;5.0;5.0;4.0;5.0;4.0;5.0;4.0;5.0;5;5;4;5;bf0bac32-e169-4694-8ac4-1cb49a94590b;bronze_nes;1kAqANsuEkrvAAAAAAAAAA==;dbs/1kAqAA==/colls/1kAqANsuEko=/docs/1kAqANsuEkrvAAAAAAAAAA==/;"""6f002922-0000-4700-0000-6730a7cf0000""";attachments/;1731241935
189;117;Leikkaus-anestesia;PERIOPAAM;16;Sairaanhoitaja, audionomi, terveydenhoitaja;1.0;3.0;3.0;6;3.0;3.0;3.0;6;6.0;6.0;6.0;5.0;4.0;3.0;6.0;5;4;5;5;4.0;3.0;3;3.0;1.0;1.0;4.0;4.0;1.0;2.0;1.0;4.0;3.0;3.0;4;5.0;4;5.0;5.0;1.0;4.0;4.0;2.0;5.0;4.0;4.0;4.0;2.0;2.0;5.0;4.0;4.0;3.0;5.0;2;2;3;5;c49a6283-71ae-460d-a691-f2dc4bb8834a;bronze_nes;1kAqANsuEkrwAAAAAAAAAA==;dbs/1kAqAA==/colls/1kAqANsuEko=/docs/1kAqANsuEkrwAAAAAAAAAA==/;"""6f002b22-0000-4700-0000-6730a7cf0000""";attachments/;1731241935
190;117;Leikkaus-anestesia;PERIOPAAM;16;Sairaanhoitaja, audionomi, terveydenhoitaja;1.0;3.0;3.0;6;4.0;5.0;3.0;6;6.0;6.0;6.0;4.0;4.0;3.0;2.0;1;1;3;2;3.0;1.0;2;3.0;1.0;2.0;4.0;4.0;2.0;5.0;4.0;4.0;5.0;5.0;4;5.0;4;4.0;5.0;4.0;1.0;4.0;3.0;5.0;5.0;4.0;3.0;4.0;1.0;6.0;4.0;4.0;3.0;5.0;5;4;6;6;30f79b8b-1dd4-48f3-99ef-58965e23fb90;bronze_nes;1kAqANsuEkrxAAAAAAAAAA==;dbs/1kAqAA==/colls/1kAqANsuEko=/docs/1kAqANsuEkrxAAAAAAAAAA==/;"""6f002c22-0000-4700-0000-6730a7cf0000""";attachments/;1731241935
191;117;Osasto B;AIKKIRMUU;16;Sairaanhoitaja, audionomi, terveydenhoitaja;1.0;3.0;3.0;5;6.0;6.0;6.0;5;6.0;6.0;6.0;6.0;6.0;6.0;4.0;6;5;6;6;6.0;6.0;6;6.0;6.0;6.0;6.0;6.0;6.0;6.0;6.0;6.0;6.0;6.0;6;6.0;6;6.0;6.0;6.0;6.0;6.0;6.0;6.0;6.0;5.0;6.0;6.0;6.0;6.0;6.0;6.0;6.0;6.0;6;6;6;6;65a4ea40-defe-4d5b-a39e-b707ff126736;bronze_nes;1kAqANsuEkryAAAAAAAAAA==;dbs/1kAqAA==/colls/1kAqANsuEko=/docs/1kAqANsuEkryAAAAAAAAAA==/;"""6f002d22-0000-4700-0000-6730a7cf0000""";attachments/;1731241935
192;117;Osasto A;AIKMEDMUU;16;Sairaanhoitaja, audionomi, terveydenhoitaja;1.0;3.0;3.0;5;6.0;6.0;6.0;6;6.0;6.0;6.0;6.0;4.0;6.0;4.0;6;6;6;6;6.0;6.0;5;6.0;5.0;5.0;5.0;5.0;6.0;5.0;4.0;6.0;5.0;6.0;6;6.0;6;6.0;6.0;6.0;5.0;4.0;4.0;5.0;5.0;5.0;6.0;6.0;5.0;6.0;4.0;4.0;5.0;6.0;6;6;1;6;811840ef-26e9-40b2-bb4a-ccf5fde69e7d;bronze_nes;1kAqANsuEkrzAAAAAAAAAA==;dbs/1kAqAA==/colls/1kAqANsuEko=/docs/1kAqANsuEkrzAAAAAAAAAA==/;"""6f002e22-0000-4700-0000-6730a7cf0000""";attachments/;1731241935
193;117;Teho- ja valvontaosasto;AIKTEHOHO;16;Sairaanhoitaja, audionomi, terveydenhoitaja;1.0;4.0;3.0;6;4.0;4.0;5.0;6;5.0;6.0;6.0;6.0;5.0;5.0;5.0;6;6;6;6;5.0;4.0;6;5.0;6.0;5.0;6.0;6.0;6.0;6.0;6.0;6.0;6.0;6.0;6;6.0;6;6.0;6.0;6.0;6.0;6.0;6.0;6.0;6.0;5.0;5.0;6.0;5.0;6.0;6.0;6.0;6.0;6.0;6;6;6;6;ffc81623-b374-4f64-b658-0445c9a53c97;bronze_nes;1kAqANsuEkr0AAAAAAAAAA==;dbs/1kAqAA==/colls/1kAqANsuEko=/docs/1kAqANsuEkr0AAAAAAAAAA==/;"""6f002f22-0000-4700-0000-6730a7cf0000""";attachments/;1731241935
194;117;Päiväsairaala, lääkehoidot, dialyysi, koronaariangio;MUUTMPPKL;16;Sairaanhoitaja, audionomi, terveydenhoitaja;1.0;4.0;2.0;6;3.0;3.0;4.0;6;4.0;5.0;3.0;2.0;3.0;1.0;4.0;5;4;4;5;3.0;3.0;3;3.0;2.0;2.0;4.0;5.0;2.0;4.0;3.0;6.0;4.0;3.0;4;4.0;4;5.0;4.0;3.0;4.0;4.0;3.0;4.0;4.0;3.0;5.0;2.0;3.0;5.0;2.0;4.0;3.0;5.0;3;3;5;4;6f89cfa7-ac94-4e2e-8dea-f9c013112373;bronze_nes;1kAqANsuEkr1AAAAAAAAAA==;dbs/1kAqAA==/colls/1kAqANsuEko=/docs/1kAqANsuEkr1AAAAAAAAAA==/;"""6f003022-0000-4700-0000-6730a7cf0000""";attachments/;1731241935
